{"../Assignment1/files/1.txt": [{"name": "../Assignment1/files/1.txt", "length": 3993}], "../Assignment1/files/10.txt": [{"name": "../Assignment1/files/10.txt", "length": 31522}], "../Assignment1/files/100.txt": [{"name": "../Assignment1/files/100.txt", "length": 30461}], "../Assignment1/files/1000.txt": [{"name": "../Assignment1/files/1000.txt", "length": 5417}], "../Assignment1/files/101.txt": [{"name": "../Assignment1/files/101.txt", "length": 23031}], "../Assignment1/files/102.txt": [{"name": "../Assignment1/files/102.txt", "length": 1521}], "../Assignment1/files/103.txt": [{"name": "../Assignment1/files/103.txt", "length": 727}], "../Assignment1/files/104.txt": [{"name": "../Assignment1/files/104.txt", "length": 3593}], "../Assignment1/files/105.txt": [{"name": "../Assignment1/files/105.txt", "length": 2204}], "../Assignment1/files/106.txt": [{"name": "../Assignment1/files/106.txt", "length": 776}], "../Assignment1/files/107.txt": [{"name": "../Assignment1/files/107.txt", "length": 1997}], "../Assignment1/files/108.txt": [{"name": "../Assignment1/files/108.txt", "length": 507}], "../Assignment1/files/109.txt": [{"name": "../Assignment1/files/109.txt", "length": 950}], "../Assignment1/files/11.txt": [{"name": "../Assignment1/files/11.txt", "length": 30046}], "../Assignment1/files/110.txt": [{"name": "../Assignment1/files/110.txt", "length": 1836}], "../Assignment1/files/111.txt": [{"name": "../Assignment1/files/111.txt", "length": 715}], "../Assignment1/files/112.txt": [{"name": "../Assignment1/files/112.txt", "length": 26899}], "../Assignment1/files/113.txt": [{"name": "../Assignment1/files/113.txt", "length": 3544}], "../Assignment1/files/114.txt": [{"name": "../Assignment1/files/114.txt", "length": 16340}], "../Assignment1/files/115.txt": [{"name": "../Assignment1/files/115.txt", "length": 24813}], "../Assignment1/files/116.txt": [{"name": "../Assignment1/files/116.txt", "length": 12163}], "../Assignment1/files/117.txt": [{"name": "../Assignment1/files/117.txt", "length": 3113}], "../Assignment1/files/118.txt": [{"name": "../Assignment1/files/118.txt", "length": 4772}], "../Assignment1/files/119.txt": [{"name": "../Assignment1/files/119.txt", "length": 2330}], "../Assignment1/files/12.txt": [{"name": "../Assignment1/files/12.txt", "length": 712}], "../Assignment1/files/120.txt": [{"name": "../Assignment1/files/120.txt", "length": 1019}], "../Assignment1/files/121.txt": [{"name": "../Assignment1/files/121.txt", "length": 8218}], "../Assignment1/files/122.txt": [{"name": "../Assignment1/files/122.txt", "length": 10878}], "../Assignment1/files/123.txt": [{"name": "../Assignment1/files/123.txt", "length": 3457}], "../Assignment1/files/124.txt": [{"name": "../Assignment1/files/124.txt", "length": 3179}], "../Assignment1/files/125.txt": [{"name": "../Assignment1/files/125.txt", "length": 11577}], "../Assignment1/files/126.txt": [{"name": "../Assignment1/files/126.txt", "length": 8220}], "../Assignment1/files/127.txt": [{"name": "../Assignment1/files/127.txt", "length": 1468}], "../Assignment1/files/128.txt": [{"name": "../Assignment1/files/128.txt", "length": 450}], "../Assignment1/files/129.txt": [{"name": "../Assignment1/files/129.txt", "length": 1805}], "../Assignment1/files/13.txt": [{"name": "../Assignment1/files/13.txt", "length": 22067}], "../Assignment1/files/130.txt": [{"name": "../Assignment1/files/130.txt", "length": 531}], "../Assignment1/files/131.txt": [{"name": "../Assignment1/files/131.txt", "length": 1715}], "../Assignment1/files/132.txt": [{"name": "../Assignment1/files/132.txt", "length": 1214}], "../Assignment1/files/133.txt": [{"name": "../Assignment1/files/133.txt", "length": 3134}], "../Assignment1/files/134.txt": [{"name": "../Assignment1/files/134.txt", "length": 1574}], "../Assignment1/files/135.txt": [{"name": "../Assignment1/files/135.txt", "length": 1283}], "../Assignment1/files/136.txt": [{"name": "../Assignment1/files/136.txt", "length": 492}], "../Assignment1/files/137.txt": [{"name": "../Assignment1/files/137.txt", "length": 482}], "../Assignment1/files/138.txt": [{"name": "../Assignment1/files/138.txt", "length": 1118}], "../Assignment1/files/139.txt": [{"name": "../Assignment1/files/139.txt", "length": 1188}], "../Assignment1/files/14.txt": [{"name": "../Assignment1/files/14.txt", "length": 421}], "../Assignment1/files/140.txt": [{"name": "../Assignment1/files/140.txt", "length": 3420}], "../Assignment1/files/141.txt": [{"name": "../Assignment1/files/141.txt", "length": 832}], "../Assignment1/files/142.txt": [{"name": "../Assignment1/files/142.txt", "length": 1780}], "../Assignment1/files/143.txt": [{"name": "../Assignment1/files/143.txt", "length": 2085}], "../Assignment1/files/144.txt": [{"name": "../Assignment1/files/144.txt", "length": 3534}], "../Assignment1/files/145.txt": [{"name": "../Assignment1/files/145.txt", "length": 1376}], "../Assignment1/files/146.txt": [{"name": "../Assignment1/files/146.txt", "length": 3648}], "../Assignment1/files/147.txt": [{"name": "../Assignment1/files/147.txt", "length": 1512}], "../Assignment1/files/148.txt": [{"name": "../Assignment1/files/148.txt", "length": 948}], "../Assignment1/files/149.txt": [{"name": "../Assignment1/files/149.txt", "length": 1590}], "../Assignment1/files/15.txt": [{"name": "../Assignment1/files/15.txt", "length": 1107}], "../Assignment1/files/150.txt": [{"name": "../Assignment1/files/150.txt", "length": 4041}], "../Assignment1/files/151.txt": [{"name": "../Assignment1/files/151.txt", "length": 1754}], "../Assignment1/files/152.txt": [{"name": "../Assignment1/files/152.txt", "length": 3051}], "../Assignment1/files/153.txt": [{"name": "../Assignment1/files/153.txt", "length": 1195}], "../Assignment1/files/154.txt": [{"name": "../Assignment1/files/154.txt", "length": 413}], "../Assignment1/files/155.txt": [{"name": "../Assignment1/files/155.txt", "length": 3038}], "../Assignment1/files/156.txt": [{"name": "../Assignment1/files/156.txt", "length": 1301}], "../Assignment1/files/157.txt": [{"name": "../Assignment1/files/157.txt", "length": 488}], "../Assignment1/files/158.txt": [{"name": "../Assignment1/files/158.txt", "length": 1696}], "../Assignment1/files/159.txt": [{"name": "../Assignment1/files/159.txt", "length": 3539}], "../Assignment1/files/16.txt": [{"name": "../Assignment1/files/16.txt", "length": 8802}], "../Assignment1/files/160.txt": [{"name": "../Assignment1/files/160.txt", "length": 851}], "../Assignment1/files/161.txt": [{"name": "../Assignment1/files/161.txt", "length": 752}], "../Assignment1/files/162.txt": [{"name": "../Assignment1/files/162.txt", "length": 2898}], "../Assignment1/files/163.txt": [{"name": "../Assignment1/files/163.txt", "length": 1533}], "../Assignment1/files/164.txt": [{"name": "../Assignment1/files/164.txt", "length": 1010}], "../Assignment1/files/165.txt": [{"name": "../Assignment1/files/165.txt", "length": 862}], "../Assignment1/files/166.txt": [{"name": "../Assignment1/files/166.txt", "length": 1783}], "../Assignment1/files/167.txt": [{"name": "../Assignment1/files/167.txt", "length": 1377}], "../Assignment1/files/168.txt": [{"name": "../Assignment1/files/168.txt", "length": 525}], "../Assignment1/files/169.txt": [{"name": "../Assignment1/files/169.txt", "length": 578}], "../Assignment1/files/17.txt": [{"name": "../Assignment1/files/17.txt", "length": 2503}], "../Assignment1/files/170.txt": [{"name": "../Assignment1/files/170.txt", "length": 326}], "../Assignment1/files/171.txt": [{"name": "../Assignment1/files/171.txt", "length": 4043}], "../Assignment1/files/172.txt": [{"name": "../Assignment1/files/172.txt", "length": 1597}], "../Assignment1/files/173.txt": [{"name": "../Assignment1/files/173.txt", "length": 9666}], "../Assignment1/files/174.txt": [{"name": "../Assignment1/files/174.txt", "length": 2584}], "../Assignment1/files/175.txt": [{"name": "../Assignment1/files/175.txt", "length": 2977}], "../Assignment1/files/176.txt": [{"name": "../Assignment1/files/176.txt", "length": 16666}], "../Assignment1/files/177.txt": [{"name": "../Assignment1/files/177.txt", "length": 20826}], "../Assignment1/files/178.txt": [{"name": "../Assignment1/files/178.txt", "length": 557}], "../Assignment1/files/179.txt": [{"name": "../Assignment1/files/179.txt", "length": 3103}], "../Assignment1/files/18.txt": [{"name": "../Assignment1/files/18.txt", "length": 7136}], "../Assignment1/files/180.txt": [{"name": "../Assignment1/files/180.txt", "length": 10385}], "../Assignment1/files/181.txt": [{"name": "../Assignment1/files/181.txt", "length": 3285}], "../Assignment1/files/182.txt": [{"name": "../Assignment1/files/182.txt", "length": 1372}], "../Assignment1/files/183.txt": [{"name": "../Assignment1/files/183.txt", "length": 1993}], "../Assignment1/files/184.txt": [{"name": "../Assignment1/files/184.txt", "length": 1087}], "../Assignment1/files/185.txt": [{"name": "../Assignment1/files/185.txt", "length": 3245}], "../Assignment1/files/186.txt": [{"name": "../Assignment1/files/186.txt", "length": 772}], "../Assignment1/files/187.txt": [{"name": "../Assignment1/files/187.txt", "length": 1627}], "../Assignment1/files/188.txt": [{"name": "../Assignment1/files/188.txt", "length": 889}], "../Assignment1/files/189.txt": [{"name": "../Assignment1/files/189.txt", "length": 2444}], "../Assignment1/files/19.txt": [{"name": "../Assignment1/files/19.txt", "length": 2350}], "../Assignment1/files/190.txt": [{"name": "../Assignment1/files/190.txt", "length": 2095}], "../Assignment1/files/191.txt": [{"name": "../Assignment1/files/191.txt", "length": 9633}], "../Assignment1/files/192.txt": [{"name": "../Assignment1/files/192.txt", "length": 1515}], "../Assignment1/files/193.txt": [{"name": "../Assignment1/files/193.txt", "length": 5748}], "../Assignment1/files/194.txt": [{"name": "../Assignment1/files/194.txt", "length": 1530}], "../Assignment1/files/196.txt": [{"name": "../Assignment1/files/196.txt", "length": 587}], "../Assignment1/files/197.txt": [{"name": "../Assignment1/files/197.txt", "length": 2225}], "../Assignment1/files/198.txt": [{"name": "../Assignment1/files/198.txt", "length": 2813}], "../Assignment1/files/199.txt": [{"name": "../Assignment1/files/199.txt", "length": 9668}], "../Assignment1/files/2.txt": [{"name": "../Assignment1/files/2.txt", "length": 13190}], "../Assignment1/files/20.txt": [{"name": "../Assignment1/files/20.txt", "length": 14283}], "../Assignment1/files/200.txt": [{"name": "../Assignment1/files/200.txt", "length": 3993}], "../Assignment1/files/201.txt": [{"name": "../Assignment1/files/201.txt", "length": 13710}], "../Assignment1/files/202.txt": [{"name": "../Assignment1/files/202.txt", "length": 12509}], "../Assignment1/files/203.txt": [{"name": "../Assignment1/files/203.txt", "length": 1605}], "../Assignment1/files/204.txt": [{"name": "../Assignment1/files/204.txt", "length": 20098}], "../Assignment1/files/205.txt": [{"name": "../Assignment1/files/205.txt", "length": 1405}], "../Assignment1/files/206.txt": [{"name": "../Assignment1/files/206.txt", "length": 4507}], "../Assignment1/files/207.txt": [{"name": "../Assignment1/files/207.txt", "length": 1727}], "../Assignment1/files/208.txt": [{"name": "../Assignment1/files/208.txt", "length": 10720}], "../Assignment1/files/209.txt": [{"name": "../Assignment1/files/209.txt", "length": 5463}], "../Assignment1/files/21.txt": [{"name": "../Assignment1/files/21.txt", "length": 9709}], "../Assignment1/files/210.txt": [{"name": "../Assignment1/files/210.txt", "length": 6509}], "../Assignment1/files/211.txt": [{"name": "../Assignment1/files/211.txt", "length": 22736}], "../Assignment1/files/212.txt": [{"name": "../Assignment1/files/212.txt", "length": 6288}], "../Assignment1/files/213.txt": [{"name": "../Assignment1/files/213.txt", "length": 2820}], "../Assignment1/files/214.txt": [{"name": "../Assignment1/files/214.txt", "length": 11777}], "../Assignment1/files/215.txt": [{"name": "../Assignment1/files/215.txt", "length": 20067}], "../Assignment1/files/216.txt": [{"name": "../Assignment1/files/216.txt", "length": 15440}], "../Assignment1/files/217.txt": [{"name": "../Assignment1/files/217.txt", "length": 14085}], "../Assignment1/files/218.txt": [{"name": "../Assignment1/files/218.txt", "length": 5056}], "../Assignment1/files/219.txt": [{"name": "../Assignment1/files/219.txt", "length": 12281}], "../Assignment1/files/22.txt": [{"name": "../Assignment1/files/22.txt", "length": 21468}], "../Assignment1/files/220.txt": [{"name": "../Assignment1/files/220.txt", "length": 20119}], "../Assignment1/files/221.txt": [{"name": "../Assignment1/files/221.txt", "length": 23559}], "../Assignment1/files/222.txt": [{"name": "../Assignment1/files/222.txt", "length": 19971}], "../Assignment1/files/223.txt": [{"name": "../Assignment1/files/223.txt", "length": 17547}], "../Assignment1/files/224.txt": [{"name": "../Assignment1/files/224.txt", "length": 13572}], "../Assignment1/files/225.txt": [{"name": "../Assignment1/files/225.txt", "length": 13117}], "../Assignment1/files/226.txt": [{"name": "../Assignment1/files/226.txt", "length": 12836}], "../Assignment1/files/227.txt": [{"name": "../Assignment1/files/227.txt", "length": 31573}], "../Assignment1/files/228.txt": [{"name": "../Assignment1/files/228.txt", "length": 16565}], "../Assignment1/files/229.txt": [{"name": "../Assignment1/files/229.txt", "length": 7570}], "../Assignment1/files/23.txt": [{"name": "../Assignment1/files/23.txt", "length": 3211}], "../Assignment1/files/230.txt": [{"name": "../Assignment1/files/230.txt", "length": 9786}], "../Assignment1/files/231.txt": [{"name": "../Assignment1/files/231.txt", "length": 15201}], "../Assignment1/files/232.txt": [{"name": "../Assignment1/files/232.txt", "length": 9341}], "../Assignment1/files/233.txt": [{"name": "../Assignment1/files/233.txt", "length": 28695}], "../Assignment1/files/234.txt": [{"name": "../Assignment1/files/234.txt", "length": 15478}], "../Assignment1/files/235.txt": [{"name": "../Assignment1/files/235.txt", "length": 5266}], "../Assignment1/files/236.txt": [{"name": "../Assignment1/files/236.txt", "length": 10300}], "../Assignment1/files/237.txt": [{"name": "../Assignment1/files/237.txt", "length": 2513}], "../Assignment1/files/238.txt": [{"name": "../Assignment1/files/238.txt", "length": 15357}], "../Assignment1/files/239.txt": [{"name": "../Assignment1/files/239.txt", "length": 22550}], "../Assignment1/files/24.txt": [{"name": "../Assignment1/files/24.txt", "length": 5439}], "../Assignment1/files/240.txt": [{"name": "../Assignment1/files/240.txt", "length": 10113}], "../Assignment1/files/241.txt": [{"name": "../Assignment1/files/241.txt", "length": 31884}], "../Assignment1/files/242.txt": [{"name": "../Assignment1/files/242.txt", "length": 18082}], "../Assignment1/files/243.txt": [{"name": "../Assignment1/files/243.txt", "length": 29055}], "../Assignment1/files/244.txt": [{"name": "../Assignment1/files/244.txt", "length": 1175}], "../Assignment1/files/245.txt": [{"name": "../Assignment1/files/245.txt", "length": 7281}], "../Assignment1/files/246.txt": [{"name": "../Assignment1/files/246.txt", "length": 26284}], "../Assignment1/files/247.txt": [{"name": "../Assignment1/files/247.txt", "length": 10158}], "../Assignment1/files/248.txt": [{"name": "../Assignment1/files/248.txt", "length": 1749}], "../Assignment1/files/249.txt": [{"name": "../Assignment1/files/249.txt", "length": 6593}], "../Assignment1/files/25.txt": [{"name": "../Assignment1/files/25.txt", "length": 6351}], "../Assignment1/files/250.txt": [{"name": "../Assignment1/files/250.txt", "length": 18732}], "../Assignment1/files/251.txt": [{"name": "../Assignment1/files/251.txt", "length": 12914}], "../Assignment1/files/252.txt": [{"name": "../Assignment1/files/252.txt", "length": 3344}], "../Assignment1/files/253.txt": [{"name": "../Assignment1/files/253.txt", "length": 791}], "../Assignment1/files/254.txt": [{"name": "../Assignment1/files/254.txt", "length": 5622}], "../Assignment1/files/255.txt": [{"name": "../Assignment1/files/255.txt", "length": 17723}], "../Assignment1/files/256.txt": [{"name": "../Assignment1/files/256.txt", "length": 30924}], "../Assignment1/files/257.txt": [{"name": "../Assignment1/files/257.txt", "length": 35617}], "../Assignment1/files/258.txt": [{"name": "../Assignment1/files/258.txt", "length": 15166}], "../Assignment1/files/259.txt": [{"name": "../Assignment1/files/259.txt", "length": 10880}], "../Assignment1/files/26.txt": [{"name": "../Assignment1/files/26.txt", "length": 1648}], "../Assignment1/files/260.txt": [{"name": "../Assignment1/files/260.txt", "length": 3097}], "../Assignment1/files/261.txt": [{"name": "../Assignment1/files/261.txt", "length": 8103}], "../Assignment1/files/262.txt": [{"name": "../Assignment1/files/262.txt", "length": 6059}], "../Assignment1/files/263.txt": [{"name": "../Assignment1/files/263.txt", "length": 10672}], "../Assignment1/files/264.txt": [{"name": "../Assignment1/files/264.txt", "length": 1244}], "../Assignment1/files/265.txt": [{"name": "../Assignment1/files/265.txt", "length": 1954}], "../Assignment1/files/266.txt": [{"name": "../Assignment1/files/266.txt", "length": 3644}], "../Assignment1/files/267.txt": [{"name": "../Assignment1/files/267.txt", "length": 258}], "../Assignment1/files/268.txt": [{"name": "../Assignment1/files/268.txt", "length": 1117}], "../Assignment1/files/269.txt": [{"name": "../Assignment1/files/269.txt", "length": 1715}], "../Assignment1/files/27.txt": [{"name": "../Assignment1/files/27.txt", "length": 1226}], "../Assignment1/files/270.txt": [{"name": "../Assignment1/files/270.txt", "length": 2596}], "../Assignment1/files/271.txt": [{"name": "../Assignment1/files/271.txt", "length": 15201}], "../Assignment1/files/272.txt": [{"name": "../Assignment1/files/272.txt", "length": 2418}], "../Assignment1/files/273.txt": [{"name": "../Assignment1/files/273.txt", "length": 5616}], "../Assignment1/files/274.txt": [{"name": "../Assignment1/files/274.txt", "length": 979}], "../Assignment1/files/275.txt": [{"name": "../Assignment1/files/275.txt", "length": 6464}], "../Assignment1/files/276.txt": [{"name": "../Assignment1/files/276.txt", "length": 7419}], "../Assignment1/files/277.txt": [{"name": "../Assignment1/files/277.txt", "length": 10217}], "../Assignment1/files/278.txt": [{"name": "../Assignment1/files/278.txt", "length": 2893}], "../Assignment1/files/279.txt": [{"name": "../Assignment1/files/279.txt", "length": 9338}], "../Assignment1/files/28.txt": [{"name": "../Assignment1/files/28.txt", "length": 1881}], "../Assignment1/files/280.txt": [{"name": "../Assignment1/files/280.txt", "length": 6533}], "../Assignment1/files/281.txt": [{"name": "../Assignment1/files/281.txt", "length": 4611}], "../Assignment1/files/282.txt": [{"name": "../Assignment1/files/282.txt", "length": 2872}], "../Assignment1/files/283.txt": [{"name": "../Assignment1/files/283.txt", "length": 1083}], "../Assignment1/files/284.txt": [{"name": "../Assignment1/files/284.txt", "length": 10164}], "../Assignment1/files/285.txt": [{"name": "../Assignment1/files/285.txt", "length": 13190}], "../Assignment1/files/286.txt": [{"name": "../Assignment1/files/286.txt", "length": 3415}], "../Assignment1/files/287.txt": [{"name": "../Assignment1/files/287.txt", "length": 10924}], "../Assignment1/files/288.txt": [{"name": "../Assignment1/files/288.txt", "length": 14813}], "../Assignment1/files/289.txt": [{"name": "../Assignment1/files/289.txt", "length": 3476}], "../Assignment1/files/29.txt": [{"name": "../Assignment1/files/29.txt", "length": 16264}], "../Assignment1/files/290.txt": [{"name": "../Assignment1/files/290.txt", "length": 5296}], "../Assignment1/files/291.txt": [{"name": "../Assignment1/files/291.txt", "length": 3204}], "../Assignment1/files/292.txt": [{"name": "../Assignment1/files/292.txt", "length": 3727}], "../Assignment1/files/293.txt": [{"name": "../Assignment1/files/293.txt", "length": 830}], "../Assignment1/files/294.txt": [{"name": "../Assignment1/files/294.txt", "length": 1765}], "../Assignment1/files/295.txt": [{"name": "../Assignment1/files/295.txt", "length": 4139}], "../Assignment1/files/296.txt": [{"name": "../Assignment1/files/296.txt", "length": 3558}], "../Assignment1/files/297.txt": [{"name": "../Assignment1/files/297.txt", "length": 1269}], "../Assignment1/files/298.txt": [{"name": "../Assignment1/files/298.txt", "length": 511}], "../Assignment1/files/299.txt": [{"name": "../Assignment1/files/299.txt", "length": 2510}], "../Assignment1/files/3.txt": [{"name": "../Assignment1/files/3.txt", "length": 10806}], "../Assignment1/files/30.txt": [{"name": "../Assignment1/files/30.txt", "length": 4808}], "../Assignment1/files/300.txt": [{"name": "../Assignment1/files/300.txt", "length": 4831}], "../Assignment1/files/301.txt": [{"name": "../Assignment1/files/301.txt", "length": 3007}], "../Assignment1/files/302.txt": [{"name": "../Assignment1/files/302.txt", "length": 1620}], "../Assignment1/files/303.txt": [{"name": "../Assignment1/files/303.txt", "length": 1011}], "../Assignment1/files/304.txt": [{"name": "../Assignment1/files/304.txt", "length": 7691}], "../Assignment1/files/305.txt": [{"name": "../Assignment1/files/305.txt", "length": 1763}], "../Assignment1/files/306.txt": [{"name": "../Assignment1/files/306.txt", "length": 1605}], "../Assignment1/files/307.txt": [{"name": "../Assignment1/files/307.txt", "length": 403}], "../Assignment1/files/308.txt": [{"name": "../Assignment1/files/308.txt", "length": 4787}], "../Assignment1/files/309.txt": [{"name": "../Assignment1/files/309.txt", "length": 14795}], "../Assignment1/files/31.txt": [{"name": "../Assignment1/files/31.txt", "length": 917}], "../Assignment1/files/310.txt": [{"name": "../Assignment1/files/310.txt", "length": 1083}], "../Assignment1/files/311.txt": [{"name": "../Assignment1/files/311.txt", "length": 1970}], "../Assignment1/files/312.txt": [{"name": "../Assignment1/files/312.txt", "length": 1979}], "../Assignment1/files/313.txt": [{"name": "../Assignment1/files/313.txt", "length": 519}], "../Assignment1/files/314.txt": [{"name": "../Assignment1/files/314.txt", "length": 4789}], "../Assignment1/files/315.txt": [{"name": "../Assignment1/files/315.txt", "length": 14795}], "../Assignment1/files/316.txt": [{"name": "../Assignment1/files/316.txt", "length": 2809}], "../Assignment1/files/317.txt": [{"name": "../Assignment1/files/317.txt", "length": 1361}], "../Assignment1/files/318.txt": [{"name": "../Assignment1/files/318.txt", "length": 5889}], "../Assignment1/files/319.txt": [{"name": "../Assignment1/files/319.txt", "length": 645}], "../Assignment1/files/32.txt": [{"name": "../Assignment1/files/32.txt", "length": 4392}], "../Assignment1/files/320.txt": [{"name": "../Assignment1/files/320.txt", "length": 779}], "../Assignment1/files/321.txt": [{"name": "../Assignment1/files/321.txt", "length": 1363}], "../Assignment1/files/322.txt": [{"name": "../Assignment1/files/322.txt", "length": 1363}], "../Assignment1/files/323.txt": [{"name": "../Assignment1/files/323.txt", "length": 667}], "../Assignment1/files/324.txt": [{"name": "../Assignment1/files/324.txt", "length": 2463}], "../Assignment1/files/325.txt": [{"name": "../Assignment1/files/325.txt", "length": 630}], "../Assignment1/files/326.txt": [{"name": "../Assignment1/files/326.txt", "length": 890}], "../Assignment1/files/327.txt": [{"name": "../Assignment1/files/327.txt", "length": 2948}], "../Assignment1/files/328.txt": [{"name": "../Assignment1/files/328.txt", "length": 8959}], "../Assignment1/files/329.txt": [{"name": "../Assignment1/files/329.txt", "length": 2985}], "../Assignment1/files/33.txt": [{"name": "../Assignment1/files/33.txt", "length": 7440}], "../Assignment1/files/330.txt": [{"name": "../Assignment1/files/330.txt", "length": 4859}], "../Assignment1/files/331.txt": [{"name": "../Assignment1/files/331.txt", "length": 792}], "../Assignment1/files/332.txt": [{"name": "../Assignment1/files/332.txt", "length": 13702}], "../Assignment1/files/333.txt": [{"name": "../Assignment1/files/333.txt", "length": 2990}], "../Assignment1/files/334.txt": [{"name": "../Assignment1/files/334.txt", "length": 27698}], "../Assignment1/files/335.txt": [{"name": "../Assignment1/files/335.txt", "length": 3755}], "../Assignment1/files/336.txt": [{"name": "../Assignment1/files/336.txt", "length": 664}], "../Assignment1/files/337.txt": [{"name": "../Assignment1/files/337.txt", "length": 705}], "../Assignment1/files/338.txt": [{"name": "../Assignment1/files/338.txt", "length": 750}], "../Assignment1/files/339.txt": [{"name": "../Assignment1/files/339.txt", "length": 700}], "../Assignment1/files/34.txt": [{"name": "../Assignment1/files/34.txt", "length": 5836}], "../Assignment1/files/340.txt": [{"name": "../Assignment1/files/340.txt", "length": 744}], "../Assignment1/files/341.txt": [{"name": "../Assignment1/files/341.txt", "length": 986}], "../Assignment1/files/342.txt": [{"name": "../Assignment1/files/342.txt", "length": 3402}], "../Assignment1/files/343.txt": [{"name": "../Assignment1/files/343.txt", "length": 2390}], "../Assignment1/files/344.txt": [{"name": "../Assignment1/files/344.txt", "length": 3851}], "../Assignment1/files/345.txt": [{"name": "../Assignment1/files/345.txt", "length": 3973}], "../Assignment1/files/346.txt": [{"name": "../Assignment1/files/346.txt", "length": 632}], "../Assignment1/files/347.txt": [{"name": "../Assignment1/files/347.txt", "length": 8800}], "../Assignment1/files/348.txt": [{"name": "../Assignment1/files/348.txt", "length": 1105}], "../Assignment1/files/349.txt": [{"name": "../Assignment1/files/349.txt", "length": 1421}], "../Assignment1/files/35.txt": [{"name": "../Assignment1/files/35.txt", "length": 7160}], "../Assignment1/files/350.txt": [{"name": "../Assignment1/files/350.txt", "length": 3212}], "../Assignment1/files/351.txt": [{"name": "../Assignment1/files/351.txt", "length": 7786}], "../Assignment1/files/352.txt": [{"name": "../Assignment1/files/352.txt", "length": 979}], "../Assignment1/files/353.txt": [{"name": "../Assignment1/files/353.txt", "length": 3691}], "../Assignment1/files/354.txt": [{"name": "../Assignment1/files/354.txt", "length": 9203}], "../Assignment1/files/355.txt": [{"name": "../Assignment1/files/355.txt", "length": 1048}], "../Assignment1/files/356.txt": [{"name": "../Assignment1/files/356.txt", "length": 2406}], "../Assignment1/files/357.txt": [{"name": "../Assignment1/files/357.txt", "length": 9670}], "../Assignment1/files/358.txt": [{"name": "../Assignment1/files/358.txt", "length": 1932}], "../Assignment1/files/359.txt": [{"name": "../Assignment1/files/359.txt", "length": 2731}], "../Assignment1/files/36.txt": [{"name": "../Assignment1/files/36.txt", "length": 4783}], "../Assignment1/files/360.txt": [{"name": "../Assignment1/files/360.txt", "length": 1362}], "../Assignment1/files/361.txt": [{"name": "../Assignment1/files/361.txt", "length": 1165}], "../Assignment1/files/362.txt": [{"name": "../Assignment1/files/362.txt", "length": 1099}], "../Assignment1/files/363.txt": [{"name": "../Assignment1/files/363.txt", "length": 1737}], "../Assignment1/files/364.txt": [{"name": "../Assignment1/files/364.txt", "length": 11246}], "../Assignment1/files/365.txt": [{"name": "../Assignment1/files/365.txt", "length": 11441}], "../Assignment1/files/366.txt": [{"name": "../Assignment1/files/366.txt", "length": 890}], "../Assignment1/files/367.txt": [{"name": "../Assignment1/files/367.txt", "length": 3922}], "../Assignment1/files/368.txt": [{"name": "../Assignment1/files/368.txt", "length": 992}], "../Assignment1/files/369.txt": [{"name": "../Assignment1/files/369.txt", "length": 2805}], "../Assignment1/files/37.txt": [{"name": "../Assignment1/files/37.txt", "length": 9207}], "../Assignment1/files/370.txt": [{"name": "../Assignment1/files/370.txt", "length": 3934}], "../Assignment1/files/371.txt": [{"name": "../Assignment1/files/371.txt", "length": 4262}], "../Assignment1/files/372.txt": [{"name": "../Assignment1/files/372.txt", "length": 1234}], "../Assignment1/files/373.txt": [{"name": "../Assignment1/files/373.txt", "length": 2374}], "../Assignment1/files/374.txt": [{"name": "../Assignment1/files/374.txt", "length": 1012}], "../Assignment1/files/375.txt": [{"name": "../Assignment1/files/375.txt", "length": 5567}], "../Assignment1/files/376.txt": [{"name": "../Assignment1/files/376.txt", "length": 1781}], "../Assignment1/files/377.txt": [{"name": "../Assignment1/files/377.txt", "length": 3753}], "../Assignment1/files/378.txt": [{"name": "../Assignment1/files/378.txt", "length": 1449}], "../Assignment1/files/379.txt": [{"name": "../Assignment1/files/379.txt", "length": 3327}], "../Assignment1/files/38.txt": [{"name": "../Assignment1/files/38.txt", "length": 2798}], "../Assignment1/files/380.txt": [{"name": "../Assignment1/files/380.txt", "length": 13141}], "../Assignment1/files/381.txt": [{"name": "../Assignment1/files/381.txt", "length": 2450}], "../Assignment1/files/382.txt": [{"name": "../Assignment1/files/382.txt", "length": 1175}], "../Assignment1/files/383.txt": [{"name": "../Assignment1/files/383.txt", "length": 4850}], "../Assignment1/files/384.txt": [{"name": "../Assignment1/files/384.txt", "length": 2673}], "../Assignment1/files/385.txt": [{"name": "../Assignment1/files/385.txt", "length": 1432}], "../Assignment1/files/386.txt": [{"name": "../Assignment1/files/386.txt", "length": 8896}], "../Assignment1/files/387.txt": [{"name": "../Assignment1/files/387.txt", "length": 4854}], "../Assignment1/files/388.txt": [{"name": "../Assignment1/files/388.txt", "length": 3577}], "../Assignment1/files/389.txt": [{"name": "../Assignment1/files/389.txt", "length": 27210}], "../Assignment1/files/39.txt": [{"name": "../Assignment1/files/39.txt", "length": 20480}], "../Assignment1/files/390.txt": [{"name": "../Assignment1/files/390.txt", "length": 1814}], "../Assignment1/files/391.txt": [{"name": "../Assignment1/files/391.txt", "length": 3126}], "../Assignment1/files/392.txt": [{"name": "../Assignment1/files/392.txt", "length": 3538}], "../Assignment1/files/393.txt": [{"name": "../Assignment1/files/393.txt", "length": 1578}], "../Assignment1/files/394.txt": [{"name": "../Assignment1/files/394.txt", "length": 4374}], "../Assignment1/files/395.txt": [{"name": "../Assignment1/files/395.txt", "length": 2323}], "../Assignment1/files/396.txt": [{"name": "../Assignment1/files/396.txt", "length": 3612}], "../Assignment1/files/397.txt": [{"name": "../Assignment1/files/397.txt", "length": 1130}], "../Assignment1/files/398.txt": [{"name": "../Assignment1/files/398.txt", "length": 1364}], "../Assignment1/files/399.txt": [{"name": "../Assignment1/files/399.txt", "length": 2166}], "../Assignment1/files/4.txt": [{"name": "../Assignment1/files/4.txt", "length": 4392}], "../Assignment1/files/40.txt": [{"name": "../Assignment1/files/40.txt", "length": 14152}], "../Assignment1/files/400.txt": [{"name": "../Assignment1/files/400.txt", "length": 9668}], "../Assignment1/files/401.txt": [{"name": "../Assignment1/files/401.txt", "length": 1909}], "../Assignment1/files/402.txt": [{"name": "../Assignment1/files/402.txt", "length": 1989}], "../Assignment1/files/403.txt": [{"name": "../Assignment1/files/403.txt", "length": 2114}], "../Assignment1/files/404.txt": [{"name": "../Assignment1/files/404.txt", "length": 9668}], "../Assignment1/files/405.txt": [{"name": "../Assignment1/files/405.txt", "length": 1169}], "../Assignment1/files/406.txt": [{"name": "../Assignment1/files/406.txt", "length": 2285}], "../Assignment1/files/407.txt": [{"name": "../Assignment1/files/407.txt", "length": 1938}], "../Assignment1/files/408.txt": [{"name": "../Assignment1/files/408.txt", "length": 1016}], "../Assignment1/files/409.txt": [{"name": "../Assignment1/files/409.txt", "length": 2557}], "../Assignment1/files/41.txt": [{"name": "../Assignment1/files/41.txt", "length": 12846}], "../Assignment1/files/410.txt": [{"name": "../Assignment1/files/410.txt", "length": 1597}], "../Assignment1/files/411.txt": [{"name": "../Assignment1/files/411.txt", "length": 5448}], "../Assignment1/files/412.txt": [{"name": "../Assignment1/files/412.txt", "length": 3557}], "../Assignment1/files/413.txt": [{"name": "../Assignment1/files/413.txt", "length": 5022}], "../Assignment1/files/414.txt": [{"name": "../Assignment1/files/414.txt", "length": 9668}], "../Assignment1/files/415.txt": [{"name": "../Assignment1/files/415.txt", "length": 1176}], "../Assignment1/files/416.txt": [{"name": "../Assignment1/files/416.txt", "length": 940}], "../Assignment1/files/417.txt": [{"name": "../Assignment1/files/417.txt", "length": 2596}], "../Assignment1/files/418.txt": [{"name": "../Assignment1/files/418.txt", "length": 3682}], "../Assignment1/files/419.txt": [{"name": "../Assignment1/files/419.txt", "length": 2658}], "../Assignment1/files/42.txt": [{"name": "../Assignment1/files/42.txt", "length": 19683}], "../Assignment1/files/420.txt": [{"name": "../Assignment1/files/420.txt", "length": 2465}], "../Assignment1/files/421.txt": [{"name": "../Assignment1/files/421.txt", "length": 1843}], "../Assignment1/files/422.txt": [{"name": "../Assignment1/files/422.txt", "length": 3959}], "../Assignment1/files/423.txt": [{"name": "../Assignment1/files/423.txt", "length": 1582}], "../Assignment1/files/424.txt": [{"name": "../Assignment1/files/424.txt", "length": 2088}], "../Assignment1/files/425.txt": [{"name": "../Assignment1/files/425.txt", "length": 1288}], "../Assignment1/files/426.txt": [{"name": "../Assignment1/files/426.txt", "length": 3003}], "../Assignment1/files/427.txt": [{"name": "../Assignment1/files/427.txt", "length": 2628}], "../Assignment1/files/428.txt": [{"name": "../Assignment1/files/428.txt", "length": 3088}], "../Assignment1/files/429.txt": [{"name": "../Assignment1/files/429.txt", "length": 735}], "../Assignment1/files/43.txt": [{"name": "../Assignment1/files/43.txt", "length": 18851}], "../Assignment1/files/430.txt": [{"name": "../Assignment1/files/430.txt", "length": 929}], "../Assignment1/files/431.txt": [{"name": "../Assignment1/files/431.txt", "length": 1758}], "../Assignment1/files/432.txt": [{"name": "../Assignment1/files/432.txt", "length": 1301}], "../Assignment1/files/433.txt": [{"name": "../Assignment1/files/433.txt", "length": 3541}], "../Assignment1/files/434.txt": [{"name": "../Assignment1/files/434.txt", "length": 1077}], "../Assignment1/files/435.txt": [{"name": "../Assignment1/files/435.txt", "length": 1604}], "../Assignment1/files/436.txt": [{"name": "../Assignment1/files/436.txt", "length": 1375}], "../Assignment1/files/437.txt": [{"name": "../Assignment1/files/437.txt", "length": 1620}], "../Assignment1/files/438.txt": [{"name": "../Assignment1/files/438.txt", "length": 6357}], "../Assignment1/files/439.txt": [{"name": "../Assignment1/files/439.txt", "length": 4556}], "../Assignment1/files/44.txt": [{"name": "../Assignment1/files/44.txt", "length": 23395}], "../Assignment1/files/440.txt": [{"name": "../Assignment1/files/440.txt", "length": 860}], "../Assignment1/files/441.txt": [{"name": "../Assignment1/files/441.txt", "length": 1203}], "../Assignment1/files/442.txt": [{"name": "../Assignment1/files/442.txt", "length": 1099}], "../Assignment1/files/443.txt": [{"name": "../Assignment1/files/443.txt", "length": 2354}], "../Assignment1/files/444.txt": [{"name": "../Assignment1/files/444.txt", "length": 4769}], "../Assignment1/files/445.txt": [{"name": "../Assignment1/files/445.txt", "length": 647}], "../Assignment1/files/446.txt": [{"name": "../Assignment1/files/446.txt", "length": 2317}], "../Assignment1/files/447.txt": [{"name": "../Assignment1/files/447.txt", "length": 4395}], "../Assignment1/files/448.txt": [{"name": "../Assignment1/files/448.txt", "length": 1174}], "../Assignment1/files/449.txt": [{"name": "../Assignment1/files/449.txt", "length": 697}], "../Assignment1/files/45.txt": [{"name": "../Assignment1/files/45.txt", "length": 8911}], "../Assignment1/files/450.txt": [{"name": "../Assignment1/files/450.txt", "length": 1433}], "../Assignment1/files/451.txt": [{"name": "../Assignment1/files/451.txt", "length": 1254}], "../Assignment1/files/452.txt": [{"name": "../Assignment1/files/452.txt", "length": 1650}], "../Assignment1/files/453.txt": [{"name": "../Assignment1/files/453.txt", "length": 2778}], "../Assignment1/files/454.txt": [{"name": "../Assignment1/files/454.txt", "length": 1932}], "../Assignment1/files/455.txt": [{"name": "../Assignment1/files/455.txt", "length": 1896}], "../Assignment1/files/456.txt": [{"name": "../Assignment1/files/456.txt", "length": 1570}], "../Assignment1/files/457.txt": [{"name": "../Assignment1/files/457.txt", "length": 1513}], "../Assignment1/files/458.txt": [{"name": "../Assignment1/files/458.txt", "length": 503}], "../Assignment1/files/459.txt": [{"name": "../Assignment1/files/459.txt", "length": 2614}], "../Assignment1/files/46.txt": [{"name": "../Assignment1/files/46.txt", "length": 16858}], "../Assignment1/files/460.txt": [{"name": "../Assignment1/files/460.txt", "length": 1069}], "../Assignment1/files/461.txt": [{"name": "../Assignment1/files/461.txt", "length": 2623}], "../Assignment1/files/462.txt": [{"name": "../Assignment1/files/462.txt", "length": 848}], "../Assignment1/files/463.txt": [{"name": "../Assignment1/files/463.txt", "length": 1255}], "../Assignment1/files/464.txt": [{"name": "../Assignment1/files/464.txt", "length": 2413}], "../Assignment1/files/465.txt": [{"name": "../Assignment1/files/465.txt", "length": 3263}], "../Assignment1/files/466.txt": [{"name": "../Assignment1/files/466.txt", "length": 4998}], "../Assignment1/files/467.txt": [{"name": "../Assignment1/files/467.txt", "length": 2578}], "../Assignment1/files/468.txt": [{"name": "../Assignment1/files/468.txt", "length": 4238}], "../Assignment1/files/469.txt": [{"name": "../Assignment1/files/469.txt", "length": 3106}], "../Assignment1/files/47.txt": [{"name": "../Assignment1/files/47.txt", "length": 1992}], "../Assignment1/files/470.txt": [{"name": "../Assignment1/files/470.txt", "length": 2517}], "../Assignment1/files/471.txt": [{"name": "../Assignment1/files/471.txt", "length": 1532}], "../Assignment1/files/472.txt": [{"name": "../Assignment1/files/472.txt", "length": 4530}], "../Assignment1/files/473.txt": [{"name": "../Assignment1/files/473.txt", "length": 18478}], "../Assignment1/files/474.txt": [{"name": "../Assignment1/files/474.txt", "length": 2126}], "../Assignment1/files/475.txt": [{"name": "../Assignment1/files/475.txt", "length": 1355}], "../Assignment1/files/476.txt": [{"name": "../Assignment1/files/476.txt", "length": 4912}], "../Assignment1/files/477.txt": [{"name": "../Assignment1/files/477.txt", "length": 9658}], "../Assignment1/files/478.txt": [{"name": "../Assignment1/files/478.txt", "length": 8511}], "../Assignment1/files/479.txt": [{"name": "../Assignment1/files/479.txt", "length": 3947}], "../Assignment1/files/48.txt": [{"name": "../Assignment1/files/48.txt", "length": 21188}], "../Assignment1/files/480.txt": [{"name": "../Assignment1/files/480.txt", "length": 9399}], "../Assignment1/files/481.txt": [{"name": "../Assignment1/files/481.txt", "length": 6662}], "../Assignment1/files/482.txt": [{"name": "../Assignment1/files/482.txt", "length": 1289}], "../Assignment1/files/483.txt": [{"name": "../Assignment1/files/483.txt", "length": 5623}], "../Assignment1/files/484.txt": [{"name": "../Assignment1/files/484.txt", "length": 4498}], "../Assignment1/files/485.txt": [{"name": "../Assignment1/files/485.txt", "length": 21313}], "../Assignment1/files/486.txt": [{"name": "../Assignment1/files/486.txt", "length": 4703}], "../Assignment1/files/487.txt": [{"name": "../Assignment1/files/487.txt", "length": 2402}], "../Assignment1/files/488.txt": [{"name": "../Assignment1/files/488.txt", "length": 6523}], "../Assignment1/files/489.txt": [{"name": "../Assignment1/files/489.txt", "length": 8237}], "../Assignment1/files/49.txt": [{"name": "../Assignment1/files/49.txt", "length": 3979}], "../Assignment1/files/490.txt": [{"name": "../Assignment1/files/490.txt", "length": 2030}], "../Assignment1/files/491.txt": [{"name": "../Assignment1/files/491.txt", "length": 3936}], "../Assignment1/files/492.txt": [{"name": "../Assignment1/files/492.txt", "length": 6244}], "../Assignment1/files/493.txt": [{"name": "../Assignment1/files/493.txt", "length": 1943}], "../Assignment1/files/494.txt": [{"name": "../Assignment1/files/494.txt", "length": 2326}], "../Assignment1/files/495.txt": [{"name": "../Assignment1/files/495.txt", "length": 2001}], "../Assignment1/files/496.txt": [{"name": "../Assignment1/files/496.txt", "length": 1745}], "../Assignment1/files/497.txt": [{"name": "../Assignment1/files/497.txt", "length": 1471}], "../Assignment1/files/498.txt": [{"name": "../Assignment1/files/498.txt", "length": 1793}], "../Assignment1/files/499.txt": [{"name": "../Assignment1/files/499.txt", "length": 1594}], "../Assignment1/files/5.txt": [{"name": "../Assignment1/files/5.txt", "length": 2352}], "../Assignment1/files/50.txt": [{"name": "../Assignment1/files/50.txt", "length": 7302}], "../Assignment1/files/500.txt": [{"name": "../Assignment1/files/500.txt", "length": 745}], "../Assignment1/files/501.txt": [{"name": "../Assignment1/files/501.txt", "length": 1872}], "../Assignment1/files/502.txt": [{"name": "../Assignment1/files/502.txt", "length": 3045}], "../Assignment1/files/503.txt": [{"name": "../Assignment1/files/503.txt", "length": 3718}], "../Assignment1/files/504.txt": [{"name": "../Assignment1/files/504.txt", "length": 1625}], "../Assignment1/files/505.txt": [{"name": "../Assignment1/files/505.txt", "length": 293}], "../Assignment1/files/506.txt": [{"name": "../Assignment1/files/506.txt", "length": 31570}], "../Assignment1/files/507.txt": [{"name": "../Assignment1/files/507.txt", "length": 2848}], "../Assignment1/files/508.txt": [{"name": "../Assignment1/files/508.txt", "length": 6247}], "../Assignment1/files/509.txt": [{"name": "../Assignment1/files/509.txt", "length": 17610}], "../Assignment1/files/51.txt": [{"name": "../Assignment1/files/51.txt", "length": 7277}], "../Assignment1/files/510.txt": [{"name": "../Assignment1/files/510.txt", "length": 6695}], "../Assignment1/files/511.txt": [{"name": "../Assignment1/files/511.txt", "length": 678}], "../Assignment1/files/512.txt": [{"name": "../Assignment1/files/512.txt", "length": 4395}], "../Assignment1/files/513.txt": [{"name": "../Assignment1/files/513.txt", "length": 6568}], "../Assignment1/files/514.txt": [{"name": "../Assignment1/files/514.txt", "length": 2641}], "../Assignment1/files/515.txt": [{"name": "../Assignment1/files/515.txt", "length": 18138}], "../Assignment1/files/516.txt": [{"name": "../Assignment1/files/516.txt", "length": 614}], "../Assignment1/files/517.txt": [{"name": "../Assignment1/files/517.txt", "length": 363}], "../Assignment1/files/518.txt": [{"name": "../Assignment1/files/518.txt", "length": 2056}], "../Assignment1/files/519.txt": [{"name": "../Assignment1/files/519.txt", "length": 1941}], "../Assignment1/files/52.txt": [{"name": "../Assignment1/files/52.txt", "length": 1528}], "../Assignment1/files/520.txt": [{"name": "../Assignment1/files/520.txt", "length": 14622}], "../Assignment1/files/521.txt": [{"name": "../Assignment1/files/521.txt", "length": 1194}], "../Assignment1/files/522.txt": [{"name": "../Assignment1/files/522.txt", "length": 2094}], "../Assignment1/files/523.txt": [{"name": "../Assignment1/files/523.txt", "length": 1176}], "../Assignment1/files/524.txt": [{"name": "../Assignment1/files/524.txt", "length": 2474}], "../Assignment1/files/525.txt": [{"name": "../Assignment1/files/525.txt", "length": 3145}], "../Assignment1/files/526.txt": [{"name": "../Assignment1/files/526.txt", "length": 1515}], "../Assignment1/files/527.txt": [{"name": "../Assignment1/files/527.txt", "length": 2000}], "../Assignment1/files/528.txt": [{"name": "../Assignment1/files/528.txt", "length": 2661}], "../Assignment1/files/529.txt": [{"name": "../Assignment1/files/529.txt", "length": 3243}], "../Assignment1/files/53.txt": [{"name": "../Assignment1/files/53.txt", "length": 2032}], "../Assignment1/files/530.txt": [{"name": "../Assignment1/files/530.txt", "length": 1331}], "../Assignment1/files/531.txt": [{"name": "../Assignment1/files/531.txt", "length": 593}], "../Assignment1/files/532.txt": [{"name": "../Assignment1/files/532.txt", "length": 647}], "../Assignment1/files/533.txt": [{"name": "../Assignment1/files/533.txt", "length": 414}], "../Assignment1/files/534.txt": [{"name": "../Assignment1/files/534.txt", "length": 2654}], "../Assignment1/files/535.txt": [{"name": "../Assignment1/files/535.txt", "length": 2599}], "../Assignment1/files/536.txt": [{"name": "../Assignment1/files/536.txt", "length": 713}], "../Assignment1/files/537.txt": [{"name": "../Assignment1/files/537.txt", "length": 2435}], "../Assignment1/files/538.txt": [{"name": "../Assignment1/files/538.txt", "length": 557}], "../Assignment1/files/539.txt": [{"name": "../Assignment1/files/539.txt", "length": 522}], "../Assignment1/files/54.txt": [{"name": "../Assignment1/files/54.txt", "length": 24818}], "../Assignment1/files/540.txt": [{"name": "../Assignment1/files/540.txt", "length": 1281}], "../Assignment1/files/541.txt": [{"name": "../Assignment1/files/541.txt", "length": 646}], "../Assignment1/files/542.txt": [{"name": "../Assignment1/files/542.txt", "length": 387}], "../Assignment1/files/543.txt": [{"name": "../Assignment1/files/543.txt", "length": 4306}], "../Assignment1/files/544.txt": [{"name": "../Assignment1/files/544.txt", "length": 1585}], "../Assignment1/files/545.txt": [{"name": "../Assignment1/files/545.txt", "length": 1637}], "../Assignment1/files/546.txt": [{"name": "../Assignment1/files/546.txt", "length": 2568}], "../Assignment1/files/547.txt": [{"name": "../Assignment1/files/547.txt", "length": 2270}], "../Assignment1/files/548.txt": [{"name": "../Assignment1/files/548.txt", "length": 1878}], "../Assignment1/files/549.txt": [{"name": "../Assignment1/files/549.txt", "length": 1592}], "../Assignment1/files/55.txt": [{"name": "../Assignment1/files/55.txt", "length": 10353}], "../Assignment1/files/550.txt": [{"name": "../Assignment1/files/550.txt", "length": 946}], "../Assignment1/files/551.txt": [{"name": "../Assignment1/files/551.txt", "length": 1729}], "../Assignment1/files/552.txt": [{"name": "../Assignment1/files/552.txt", "length": 1146}], "../Assignment1/files/553.txt": [{"name": "../Assignment1/files/553.txt", "length": 1451}], "../Assignment1/files/554.txt": [{"name": "../Assignment1/files/554.txt", "length": 1020}], "../Assignment1/files/555.txt": [{"name": "../Assignment1/files/555.txt", "length": 1415}], "../Assignment1/files/556.txt": [{"name": "../Assignment1/files/556.txt", "length": 2217}], "../Assignment1/files/557.txt": [{"name": "../Assignment1/files/557.txt", "length": 2205}], "../Assignment1/files/558.txt": [{"name": "../Assignment1/files/558.txt", "length": 1431}], "../Assignment1/files/559.txt": [{"name": "../Assignment1/files/559.txt", "length": 1438}], "../Assignment1/files/56.txt": [{"name": "../Assignment1/files/56.txt", "length": 2639}], "../Assignment1/files/560.txt": [{"name": "../Assignment1/files/560.txt", "length": 1503}], "../Assignment1/files/561.txt": [{"name": "../Assignment1/files/561.txt", "length": 5066}], "../Assignment1/files/562.txt": [{"name": "../Assignment1/files/562.txt", "length": 902}], "../Assignment1/files/563.txt": [{"name": "../Assignment1/files/563.txt", "length": 905}], "../Assignment1/files/564.txt": [{"name": "../Assignment1/files/564.txt", "length": 931}], "../Assignment1/files/565.txt": [{"name": "../Assignment1/files/565.txt", "length": 2431}], "../Assignment1/files/566.txt": [{"name": "../Assignment1/files/566.txt", "length": 1379}], "../Assignment1/files/567.txt": [{"name": "../Assignment1/files/567.txt", "length": 11424}], "../Assignment1/files/568.txt": [{"name": "../Assignment1/files/568.txt", "length": 1234}], "../Assignment1/files/569.txt": [{"name": "../Assignment1/files/569.txt", "length": 1298}], "../Assignment1/files/57.txt": [{"name": "../Assignment1/files/57.txt", "length": 33494}], "../Assignment1/files/570.txt": [{"name": "../Assignment1/files/570.txt", "length": 515}], "../Assignment1/files/571.txt": [{"name": "../Assignment1/files/571.txt", "length": 4214}], "../Assignment1/files/572.txt": [{"name": "../Assignment1/files/572.txt", "length": 368}], "../Assignment1/files/573.txt": [{"name": "../Assignment1/files/573.txt", "length": 3571}], "../Assignment1/files/574.txt": [{"name": "../Assignment1/files/574.txt", "length": 637}], "../Assignment1/files/575.txt": [{"name": "../Assignment1/files/575.txt", "length": 734}], "../Assignment1/files/576.txt": [{"name": "../Assignment1/files/576.txt", "length": 1749}], "../Assignment1/files/577.txt": [{"name": "../Assignment1/files/577.txt", "length": 2159}], "../Assignment1/files/578.txt": [{"name": "../Assignment1/files/578.txt", "length": 1525}], "../Assignment1/files/579.txt": [{"name": "../Assignment1/files/579.txt", "length": 1561}], "../Assignment1/files/58.txt": [{"name": "../Assignment1/files/58.txt", "length": 31708}], "../Assignment1/files/580.txt": [{"name": "../Assignment1/files/580.txt", "length": 720}], "../Assignment1/files/581.txt": [{"name": "../Assignment1/files/581.txt", "length": 2187}], "../Assignment1/files/582.txt": [{"name": "../Assignment1/files/582.txt", "length": 1869}], "../Assignment1/files/583.txt": [{"name": "../Assignment1/files/583.txt", "length": 765}], "../Assignment1/files/584.txt": [{"name": "../Assignment1/files/584.txt", "length": 909}], "../Assignment1/files/585.txt": [{"name": "../Assignment1/files/585.txt", "length": 1183}], "../Assignment1/files/586.txt": [{"name": "../Assignment1/files/586.txt", "length": 758}], "../Assignment1/files/587.txt": [{"name": "../Assignment1/files/587.txt", "length": 311}], "../Assignment1/files/588.txt": [{"name": "../Assignment1/files/588.txt", "length": 762}], "../Assignment1/files/589.txt": [{"name": "../Assignment1/files/589.txt", "length": 986}], "../Assignment1/files/59.txt": [{"name": "../Assignment1/files/59.txt", "length": 27518}], "../Assignment1/files/590.txt": [{"name": "../Assignment1/files/590.txt", "length": 900}], "../Assignment1/files/591.txt": [{"name": "../Assignment1/files/591.txt", "length": 515}], "../Assignment1/files/592.txt": [{"name": "../Assignment1/files/592.txt", "length": 1385}], "../Assignment1/files/593.txt": [{"name": "../Assignment1/files/593.txt", "length": 1453}], "../Assignment1/files/594.txt": [{"name": "../Assignment1/files/594.txt", "length": 644}], "../Assignment1/files/595.txt": [{"name": "../Assignment1/files/595.txt", "length": 1416}], "../Assignment1/files/596.txt": [{"name": "../Assignment1/files/596.txt", "length": 1236}], "../Assignment1/files/597.txt": [{"name": "../Assignment1/files/597.txt", "length": 635}], "../Assignment1/files/598.txt": [{"name": "../Assignment1/files/598.txt", "length": 688}], "../Assignment1/files/599.txt": [{"name": "../Assignment1/files/599.txt", "length": 2035}], "../Assignment1/files/6.txt": [{"name": "../Assignment1/files/6.txt", "length": 5050}], "../Assignment1/files/60.txt": [{"name": "../Assignment1/files/60.txt", "length": 18555}], "../Assignment1/files/600.txt": [{"name": "../Assignment1/files/600.txt", "length": 995}], "../Assignment1/files/601.txt": [{"name": "../Assignment1/files/601.txt", "length": 2278}], "../Assignment1/files/602.txt": [{"name": "../Assignment1/files/602.txt", "length": 899}], "../Assignment1/files/603.txt": [{"name": "../Assignment1/files/603.txt", "length": 688}], "../Assignment1/files/604.txt": [{"name": "../Assignment1/files/604.txt", "length": 930}], "../Assignment1/files/605.txt": [{"name": "../Assignment1/files/605.txt", "length": 4219}], "../Assignment1/files/606.txt": [{"name": "../Assignment1/files/606.txt", "length": 3271}], "../Assignment1/files/607.txt": [{"name": "../Assignment1/files/607.txt", "length": 1297}], "../Assignment1/files/608.txt": [{"name": "../Assignment1/files/608.txt", "length": 1143}], "../Assignment1/files/609.txt": [{"name": "../Assignment1/files/609.txt", "length": 2326}], "../Assignment1/files/61.txt": [{"name": "../Assignment1/files/61.txt", "length": 25719}], "../Assignment1/files/610.txt": [{"name": "../Assignment1/files/610.txt", "length": 982}], "../Assignment1/files/611.txt": [{"name": "../Assignment1/files/611.txt", "length": 2125}], "../Assignment1/files/612.txt": [{"name": "../Assignment1/files/612.txt", "length": 736}], "../Assignment1/files/613.txt": [{"name": "../Assignment1/files/613.txt", "length": 747}], "../Assignment1/files/614.txt": [{"name": "../Assignment1/files/614.txt", "length": 333}], "../Assignment1/files/615.txt": [{"name": "../Assignment1/files/615.txt", "length": 4119}], "../Assignment1/files/616.txt": [{"name": "../Assignment1/files/616.txt", "length": 377}], "../Assignment1/files/617.txt": [{"name": "../Assignment1/files/617.txt", "length": 3493}], "../Assignment1/files/618.txt": [{"name": "../Assignment1/files/618.txt", "length": 2610}], "../Assignment1/files/619.txt": [{"name": "../Assignment1/files/619.txt", "length": 1393}], "../Assignment1/files/62.txt": [{"name": "../Assignment1/files/62.txt", "length": 7214}], "../Assignment1/files/620.txt": [{"name": "../Assignment1/files/620.txt", "length": 19180}], "../Assignment1/files/621.txt": [{"name": "../Assignment1/files/621.txt", "length": 545}], "../Assignment1/files/622.txt": [{"name": "../Assignment1/files/622.txt", "length": 6188}], "../Assignment1/files/623.txt": [{"name": "../Assignment1/files/623.txt", "length": 374}], "../Assignment1/files/624.txt": [{"name": "../Assignment1/files/624.txt", "length": 952}], "../Assignment1/files/625.txt": [{"name": "../Assignment1/files/625.txt", "length": 726}], "../Assignment1/files/626.txt": [{"name": "../Assignment1/files/626.txt", "length": 505}], "../Assignment1/files/627.txt": [{"name": "../Assignment1/files/627.txt", "length": 1936}], "../Assignment1/files/628.txt": [{"name": "../Assignment1/files/628.txt", "length": 6044}], "../Assignment1/files/629.txt": [{"name": "../Assignment1/files/629.txt", "length": 12819}], "../Assignment1/files/63.txt": [{"name": "../Assignment1/files/63.txt", "length": 5275}], "../Assignment1/files/630.txt": [{"name": "../Assignment1/files/630.txt", "length": 1300}], "../Assignment1/files/631.txt": [{"name": "../Assignment1/files/631.txt", "length": 25745}], "../Assignment1/files/632.txt": [{"name": "../Assignment1/files/632.txt", "length": 1896}], "../Assignment1/files/633.txt": [{"name": "../Assignment1/files/633.txt", "length": 365}], "../Assignment1/files/634.txt": [{"name": "../Assignment1/files/634.txt", "length": 7179}], "../Assignment1/files/635.txt": [{"name": "../Assignment1/files/635.txt", "length": 9021}], "../Assignment1/files/636.txt": [{"name": "../Assignment1/files/636.txt", "length": 15359}], "../Assignment1/files/637.txt": [{"name": "../Assignment1/files/637.txt", "length": 1677}], "../Assignment1/files/638.txt": [{"name": "../Assignment1/files/638.txt", "length": 7451}], "../Assignment1/files/639.txt": [{"name": "../Assignment1/files/639.txt", "length": 18200}], "../Assignment1/files/64.txt": [{"name": "../Assignment1/files/64.txt", "length": 9347}], "../Assignment1/files/640.txt": [{"name": "../Assignment1/files/640.txt", "length": 18660}], "../Assignment1/files/641.txt": [{"name": "../Assignment1/files/641.txt", "length": 3736}], "../Assignment1/files/642.txt": [{"name": "../Assignment1/files/642.txt", "length": 2988}], "../Assignment1/files/643.txt": [{"name": "../Assignment1/files/643.txt", "length": 359}], "../Assignment1/files/644.txt": [{"name": "../Assignment1/files/644.txt", "length": 1133}], "../Assignment1/files/645.txt": [{"name": "../Assignment1/files/645.txt", "length": 510}], "../Assignment1/files/646.txt": [{"name": "../Assignment1/files/646.txt", "length": 2287}], "../Assignment1/files/647.txt": [{"name": "../Assignment1/files/647.txt", "length": 3435}], "../Assignment1/files/648.txt": [{"name": "../Assignment1/files/648.txt", "length": 1654}], "../Assignment1/files/649.txt": [{"name": "../Assignment1/files/649.txt", "length": 2568}], "../Assignment1/files/65.txt": [{"name": "../Assignment1/files/65.txt", "length": 2764}], "../Assignment1/files/650.txt": [{"name": "../Assignment1/files/650.txt", "length": 14334}], "../Assignment1/files/651.txt": [{"name": "../Assignment1/files/651.txt", "length": 2619}], "../Assignment1/files/652.txt": [{"name": "../Assignment1/files/652.txt", "length": 1072}], "../Assignment1/files/653.txt": [{"name": "../Assignment1/files/653.txt", "length": 669}], "../Assignment1/files/654.txt": [{"name": "../Assignment1/files/654.txt", "length": 777}], "../Assignment1/files/655.txt": [{"name": "../Assignment1/files/655.txt", "length": 1009}], "../Assignment1/files/656.txt": [{"name": "../Assignment1/files/656.txt", "length": 2018}], "../Assignment1/files/657.txt": [{"name": "../Assignment1/files/657.txt", "length": 15227}], "../Assignment1/files/658.txt": [{"name": "../Assignment1/files/658.txt", "length": 3022}], "../Assignment1/files/659.txt": [{"name": "../Assignment1/files/659.txt", "length": 2063}], "../Assignment1/files/66.txt": [{"name": "../Assignment1/files/66.txt", "length": 662}], "../Assignment1/files/660.txt": [{"name": "../Assignment1/files/660.txt", "length": 746}], "../Assignment1/files/661.txt": [{"name": "../Assignment1/files/661.txt", "length": 1348}], "../Assignment1/files/662.txt": [{"name": "../Assignment1/files/662.txt", "length": 13193}], "../Assignment1/files/663.txt": [{"name": "../Assignment1/files/663.txt", "length": 1062}], "../Assignment1/files/664.txt": [{"name": "../Assignment1/files/664.txt", "length": 4064}], "../Assignment1/files/665.txt": [{"name": "../Assignment1/files/665.txt", "length": 15041}], "../Assignment1/files/666.txt": [{"name": "../Assignment1/files/666.txt", "length": 1273}], "../Assignment1/files/667.txt": [{"name": "../Assignment1/files/667.txt", "length": 2541}], "../Assignment1/files/668.txt": [{"name": "../Assignment1/files/668.txt", "length": 1125}], "../Assignment1/files/669.txt": [{"name": "../Assignment1/files/669.txt", "length": 1581}], "../Assignment1/files/67.txt": [{"name": "../Assignment1/files/67.txt", "length": 1032}], "../Assignment1/files/670.txt": [{"name": "../Assignment1/files/670.txt", "length": 736}], "../Assignment1/files/671.txt": [{"name": "../Assignment1/files/671.txt", "length": 2130}], "../Assignment1/files/672.txt": [{"name": "../Assignment1/files/672.txt", "length": 2407}], "../Assignment1/files/673.txt": [{"name": "../Assignment1/files/673.txt", "length": 3262}], "../Assignment1/files/674.txt": [{"name": "../Assignment1/files/674.txt", "length": 4479}], "../Assignment1/files/675.txt": [{"name": "../Assignment1/files/675.txt", "length": 5717}], "../Assignment1/files/676.txt": [{"name": "../Assignment1/files/676.txt", "length": 697}], "../Assignment1/files/677.txt": [{"name": "../Assignment1/files/677.txt", "length": 2002}], "../Assignment1/files/678.txt": [{"name": "../Assignment1/files/678.txt", "length": 1034}], "../Assignment1/files/679.txt": [{"name": "../Assignment1/files/679.txt", "length": 1547}], "../Assignment1/files/68.txt": [{"name": "../Assignment1/files/68.txt", "length": 2736}], "../Assignment1/files/680.txt": [{"name": "../Assignment1/files/680.txt", "length": 2304}], "../Assignment1/files/681.txt": [{"name": "../Assignment1/files/681.txt", "length": 1687}], "../Assignment1/files/682.txt": [{"name": "../Assignment1/files/682.txt", "length": 1670}], "../Assignment1/files/683.txt": [{"name": "../Assignment1/files/683.txt", "length": 2648}], "../Assignment1/files/684.txt": [{"name": "../Assignment1/files/684.txt", "length": 1202}], "../Assignment1/files/685.txt": [{"name": "../Assignment1/files/685.txt", "length": 2469}], "../Assignment1/files/686.txt": [{"name": "../Assignment1/files/686.txt", "length": 1132}], "../Assignment1/files/687.txt": [{"name": "../Assignment1/files/687.txt", "length": 659}], "../Assignment1/files/688.txt": [{"name": "../Assignment1/files/688.txt", "length": 820}], "../Assignment1/files/689.txt": [{"name": "../Assignment1/files/689.txt", "length": 11330}], "../Assignment1/files/69.txt": [{"name": "../Assignment1/files/69.txt", "length": 1918}], "../Assignment1/files/690.txt": [{"name": "../Assignment1/files/690.txt", "length": 1922}], "../Assignment1/files/691.txt": [{"name": "../Assignment1/files/691.txt", "length": 1083}], "../Assignment1/files/692.txt": [{"name": "../Assignment1/files/692.txt", "length": 1222}], "../Assignment1/files/693.txt": [{"name": "../Assignment1/files/693.txt", "length": 1922}], "../Assignment1/files/694.txt": [{"name": "../Assignment1/files/694.txt", "length": 851}], "../Assignment1/files/695.txt": [{"name": "../Assignment1/files/695.txt", "length": 3043}], "../Assignment1/files/696.txt": [{"name": "../Assignment1/files/696.txt", "length": 4713}], "../Assignment1/files/697.txt": [{"name": "../Assignment1/files/697.txt", "length": 7309}], "../Assignment1/files/698.txt": [{"name": "../Assignment1/files/698.txt", "length": 4784}], "../Assignment1/files/699.txt": [{"name": "../Assignment1/files/699.txt", "length": 502}], "../Assignment1/files/7.txt": [{"name": "../Assignment1/files/7.txt", "length": 990}], "../Assignment1/files/70.txt": [{"name": "../Assignment1/files/70.txt", "length": 10655}], "../Assignment1/files/700.txt": [{"name": "../Assignment1/files/700.txt", "length": 13193}], "../Assignment1/files/701.txt": [{"name": "../Assignment1/files/701.txt", "length": 1934}], "../Assignment1/files/702.txt": [{"name": "../Assignment1/files/702.txt", "length": 1783}], "../Assignment1/files/703.txt": [{"name": "../Assignment1/files/703.txt", "length": 9506}], "../Assignment1/files/704.txt": [{"name": "../Assignment1/files/704.txt", "length": 3481}], "../Assignment1/files/705.txt": [{"name": "../Assignment1/files/705.txt", "length": 23104}], "../Assignment1/files/706.txt": [{"name": "../Assignment1/files/706.txt", "length": 2740}], "../Assignment1/files/707.txt": [{"name": "../Assignment1/files/707.txt", "length": 2420}], "../Assignment1/files/708.txt": [{"name": "../Assignment1/files/708.txt", "length": 3915}], "../Assignment1/files/709.txt": [{"name": "../Assignment1/files/709.txt", "length": 2186}], "../Assignment1/files/71.txt": [{"name": "../Assignment1/files/71.txt", "length": 4897}], "../Assignment1/files/710.txt": [{"name": "../Assignment1/files/710.txt", "length": 3461}], "../Assignment1/files/711.txt": [{"name": "../Assignment1/files/711.txt", "length": 2667}], "../Assignment1/files/712.txt": [{"name": "../Assignment1/files/712.txt", "length": 2098}], "../Assignment1/files/713.txt": [{"name": "../Assignment1/files/713.txt", "length": 4279}], "../Assignment1/files/714.txt": [{"name": "../Assignment1/files/714.txt", "length": 1915}], "../Assignment1/files/715.txt": [{"name": "../Assignment1/files/715.txt", "length": 1840}], "../Assignment1/files/716.txt": [{"name": "../Assignment1/files/716.txt", "length": 3071}], "../Assignment1/files/717.txt": [{"name": "../Assignment1/files/717.txt", "length": 5786}], "../Assignment1/files/718.txt": [{"name": "../Assignment1/files/718.txt", "length": 1561}], "../Assignment1/files/719.txt": [{"name": "../Assignment1/files/719.txt", "length": 3367}], "../Assignment1/files/72.txt": [{"name": "../Assignment1/files/72.txt", "length": 4255}], "../Assignment1/files/720.txt": [{"name": "../Assignment1/files/720.txt", "length": 1313}], "../Assignment1/files/721.txt": [{"name": "../Assignment1/files/721.txt", "length": 5541}], "../Assignment1/files/722.txt": [{"name": "../Assignment1/files/722.txt", "length": 10276}], "../Assignment1/files/723.txt": [{"name": "../Assignment1/files/723.txt", "length": 7219}], "../Assignment1/files/724.txt": [{"name": "../Assignment1/files/724.txt", "length": 742}], "../Assignment1/files/725.txt": [{"name": "../Assignment1/files/725.txt", "length": 4804}], "../Assignment1/files/726.txt": [{"name": "../Assignment1/files/726.txt", "length": 704}], "../Assignment1/files/727.txt": [{"name": "../Assignment1/files/727.txt", "length": 1887}], "../Assignment1/files/728.txt": [{"name": "../Assignment1/files/728.txt", "length": 1334}], "../Assignment1/files/729.txt": [{"name": "../Assignment1/files/729.txt", "length": 2279}], "../Assignment1/files/73.txt": [{"name": "../Assignment1/files/73.txt", "length": 16881}], "../Assignment1/files/730.txt": [{"name": "../Assignment1/files/730.txt", "length": 9896}], "../Assignment1/files/731.txt": [{"name": "../Assignment1/files/731.txt", "length": 21676}], "../Assignment1/files/732.txt": [{"name": "../Assignment1/files/732.txt", "length": 3971}], "../Assignment1/files/733.txt": [{"name": "../Assignment1/files/733.txt", "length": 689}], "../Assignment1/files/734.txt": [{"name": "../Assignment1/files/734.txt", "length": 9660}], "../Assignment1/files/735.txt": [{"name": "../Assignment1/files/735.txt", "length": 8770}], "../Assignment1/files/736.txt": [{"name": "../Assignment1/files/736.txt", "length": 1352}], "../Assignment1/files/737.txt": [{"name": "../Assignment1/files/737.txt", "length": 2222}], "../Assignment1/files/738.txt": [{"name": "../Assignment1/files/738.txt", "length": 6005}], "../Assignment1/files/739.txt": [{"name": "../Assignment1/files/739.txt", "length": 4972}], "../Assignment1/files/74.txt": [{"name": "../Assignment1/files/74.txt", "length": 718}], "../Assignment1/files/740.txt": [{"name": "../Assignment1/files/740.txt", "length": 3432}], "../Assignment1/files/741.txt": [{"name": "../Assignment1/files/741.txt", "length": 4969}], "../Assignment1/files/742.txt": [{"name": "../Assignment1/files/742.txt", "length": 1548}], "../Assignment1/files/743.txt": [{"name": "../Assignment1/files/743.txt", "length": 21474}], "../Assignment1/files/744.txt": [{"name": "../Assignment1/files/744.txt", "length": 33455}], "../Assignment1/files/745.txt": [{"name": "../Assignment1/files/745.txt", "length": 11137}], "../Assignment1/files/746.txt": [{"name": "../Assignment1/files/746.txt", "length": 21025}], "../Assignment1/files/747.txt": [{"name": "../Assignment1/files/747.txt", "length": 16299}], "../Assignment1/files/748.txt": [{"name": "../Assignment1/files/748.txt", "length": 1538}], "../Assignment1/files/749.txt": [{"name": "../Assignment1/files/749.txt", "length": 9659}], "../Assignment1/files/75.txt": [{"name": "../Assignment1/files/75.txt", "length": 6692}], "../Assignment1/files/750.txt": [{"name": "../Assignment1/files/750.txt", "length": 1184}], "../Assignment1/files/751.txt": [{"name": "../Assignment1/files/751.txt", "length": 1629}], "../Assignment1/files/752.txt": [{"name": "../Assignment1/files/752.txt", "length": 3907}], "../Assignment1/files/753.txt": [{"name": "../Assignment1/files/753.txt", "length": 1697}], "../Assignment1/files/754.txt": [{"name": "../Assignment1/files/754.txt", "length": 1065}], "../Assignment1/files/755.txt": [{"name": "../Assignment1/files/755.txt", "length": 954}], "../Assignment1/files/756.txt": [{"name": "../Assignment1/files/756.txt", "length": 1597}], "../Assignment1/files/757.txt": [{"name": "../Assignment1/files/757.txt", "length": 2099}], "../Assignment1/files/758.txt": [{"name": "../Assignment1/files/758.txt", "length": 2223}], "../Assignment1/files/759.txt": [{"name": "../Assignment1/files/759.txt", "length": 1795}], "../Assignment1/files/76.txt": [{"name": "../Assignment1/files/76.txt", "length": 1188}], "../Assignment1/files/760.txt": [{"name": "../Assignment1/files/760.txt", "length": 1543}], "../Assignment1/files/761.txt": [{"name": "../Assignment1/files/761.txt", "length": 2619}], "../Assignment1/files/762.txt": [{"name": "../Assignment1/files/762.txt", "length": 3893}], "../Assignment1/files/763.txt": [{"name": "../Assignment1/files/763.txt", "length": 1585}], "../Assignment1/files/764.txt": [{"name": "../Assignment1/files/764.txt", "length": 1955}], "../Assignment1/files/765.txt": [{"name": "../Assignment1/files/765.txt", "length": 1682}], "../Assignment1/files/766.txt": [{"name": "../Assignment1/files/766.txt", "length": 1589}], "../Assignment1/files/767.txt": [{"name": "../Assignment1/files/767.txt", "length": 1574}], "../Assignment1/files/768.txt": [{"name": "../Assignment1/files/768.txt", "length": 4216}], "../Assignment1/files/769.txt": [{"name": "../Assignment1/files/769.txt", "length": 1923}], "../Assignment1/files/77.txt": [{"name": "../Assignment1/files/77.txt", "length": 6132}], "../Assignment1/files/770.txt": [{"name": "../Assignment1/files/770.txt", "length": 1317}], "../Assignment1/files/771.txt": [{"name": "../Assignment1/files/771.txt", "length": 2424}], "../Assignment1/files/772.txt": [{"name": "../Assignment1/files/772.txt", "length": 1715}], "../Assignment1/files/773.txt": [{"name": "../Assignment1/files/773.txt", "length": 4621}], "../Assignment1/files/774.txt": [{"name": "../Assignment1/files/774.txt", "length": 1915}], "../Assignment1/files/775.txt": [{"name": "../Assignment1/files/775.txt", "length": 1328}], "../Assignment1/files/776.txt": [{"name": "../Assignment1/files/776.txt", "length": 290}], "../Assignment1/files/777.txt": [{"name": "../Assignment1/files/777.txt", "length": 13190}], "../Assignment1/files/778.txt": [{"name": "../Assignment1/files/778.txt", "length": 8002}], "../Assignment1/files/78.txt": [{"name": "../Assignment1/files/78.txt", "length": 6570}], "../Assignment1/files/780.txt": [{"name": "../Assignment1/files/780.txt", "length": 2481}], "../Assignment1/files/781.txt": [{"name": "../Assignment1/files/781.txt", "length": 1723}], "../Assignment1/files/782.txt": [{"name": "../Assignment1/files/782.txt", "length": 3724}], "../Assignment1/files/783.txt": [{"name": "../Assignment1/files/783.txt", "length": 17813}], "../Assignment1/files/784.txt": [{"name": "../Assignment1/files/784.txt", "length": 587}], "../Assignment1/files/785.txt": [{"name": "../Assignment1/files/785.txt", "length": 1806}], "../Assignment1/files/786.txt": [{"name": "../Assignment1/files/786.txt", "length": 7919}], "../Assignment1/files/787.txt": [{"name": "../Assignment1/files/787.txt", "length": 11267}], "../Assignment1/files/788.txt": [{"name": "../Assignment1/files/788.txt", "length": 16142}], "../Assignment1/files/789.txt": [{"name": "../Assignment1/files/789.txt", "length": 493}], "../Assignment1/files/79.txt": [{"name": "../Assignment1/files/79.txt", "length": 8218}], "../Assignment1/files/790.txt": [{"name": "../Assignment1/files/790.txt", "length": 2070}], "../Assignment1/files/791.txt": [{"name": "../Assignment1/files/791.txt", "length": 1715}], "../Assignment1/files/792.txt": [{"name": "../Assignment1/files/792.txt", "length": 669}], "../Assignment1/files/793.txt": [{"name": "../Assignment1/files/793.txt", "length": 4599}], "../Assignment1/files/794.txt": [{"name": "../Assignment1/files/794.txt", "length": 1511}], "../Assignment1/files/795.txt": [{"name": "../Assignment1/files/795.txt", "length": 9078}], "../Assignment1/files/796.txt": [{"name": "../Assignment1/files/796.txt", "length": 1458}], "../Assignment1/files/797.txt": [{"name": "../Assignment1/files/797.txt", "length": 316}], "../Assignment1/files/798.txt": [{"name": "../Assignment1/files/798.txt", "length": 23239}], "../Assignment1/files/799.txt": [{"name": "../Assignment1/files/799.txt", "length": 12518}], "../Assignment1/files/8.txt": [{"name": "../Assignment1/files/8.txt", "length": 35839}], "../Assignment1/files/80.txt": [{"name": "../Assignment1/files/80.txt", "length": 20993}], "../Assignment1/files/800.txt": [{"name": "../Assignment1/files/800.txt", "length": 8362}], "../Assignment1/files/801.txt": [{"name": "../Assignment1/files/801.txt", "length": 1533}], "../Assignment1/files/802.txt": [{"name": "../Assignment1/files/802.txt", "length": 7022}], "../Assignment1/files/803.txt": [{"name": "../Assignment1/files/803.txt", "length": 1281}], "../Assignment1/files/804.txt": [{"name": "../Assignment1/files/804.txt", "length": 7157}], "../Assignment1/files/805.txt": [{"name": "../Assignment1/files/805.txt", "length": 1787}], "../Assignment1/files/806.txt": [{"name": "../Assignment1/files/806.txt", "length": 634}], "../Assignment1/files/807.txt": [{"name": "../Assignment1/files/807.txt", "length": 578}], "../Assignment1/files/808.txt": [{"name": "../Assignment1/files/808.txt", "length": 2706}], "../Assignment1/files/809.txt": [{"name": "../Assignment1/files/809.txt", "length": 1183}], "../Assignment1/files/81.txt": [{"name": "../Assignment1/files/81.txt", "length": 9985}], "../Assignment1/files/810.txt": [{"name": "../Assignment1/files/810.txt", "length": 1079}], "../Assignment1/files/811.txt": [{"name": "../Assignment1/files/811.txt", "length": 6533}], "../Assignment1/files/812.txt": [{"name": "../Assignment1/files/812.txt", "length": 4307}], "../Assignment1/files/813.txt": [{"name": "../Assignment1/files/813.txt", "length": 1581}], "../Assignment1/files/814.txt": [{"name": "../Assignment1/files/814.txt", "length": 29473}], "../Assignment1/files/815.txt": [{"name": "../Assignment1/files/815.txt", "length": 12400}], "../Assignment1/files/816.txt": [{"name": "../Assignment1/files/816.txt", "length": 4788}], "../Assignment1/files/817.txt": [{"name": "../Assignment1/files/817.txt", "length": 4752}], "../Assignment1/files/818.txt": [{"name": "../Assignment1/files/818.txt", "length": 1332}], "../Assignment1/files/819.txt": [{"name": "../Assignment1/files/819.txt", "length": 1193}], "../Assignment1/files/82.txt": [{"name": "../Assignment1/files/82.txt", "length": 2494}], "../Assignment1/files/820.txt": [{"name": "../Assignment1/files/820.txt", "length": 9644}], "../Assignment1/files/821.txt": [{"name": "../Assignment1/files/821.txt", "length": 4623}], "../Assignment1/files/822.txt": [{"name": "../Assignment1/files/822.txt", "length": 1456}], "../Assignment1/files/823.txt": [{"name": "../Assignment1/files/823.txt", "length": 8940}], "../Assignment1/files/824.txt": [{"name": "../Assignment1/files/824.txt", "length": 6302}], "../Assignment1/files/825.txt": [{"name": "../Assignment1/files/825.txt", "length": 2706}], "../Assignment1/files/826.txt": [{"name": "../Assignment1/files/826.txt", "length": 4986}], "../Assignment1/files/827.txt": [{"name": "../Assignment1/files/827.txt", "length": 5824}], "../Assignment1/files/828.txt": [{"name": "../Assignment1/files/828.txt", "length": 7449}], "../Assignment1/files/829.txt": [{"name": "../Assignment1/files/829.txt", "length": 5926}], "../Assignment1/files/83.txt": [{"name": "../Assignment1/files/83.txt", "length": 9576}], "../Assignment1/files/830.txt": [{"name": "../Assignment1/files/830.txt", "length": 6701}], "../Assignment1/files/831.txt": [{"name": "../Assignment1/files/831.txt", "length": 5046}], "../Assignment1/files/832.txt": [{"name": "../Assignment1/files/832.txt", "length": 1191}], "../Assignment1/files/833.txt": [{"name": "../Assignment1/files/833.txt", "length": 5858}], "../Assignment1/files/834.txt": [{"name": "../Assignment1/files/834.txt", "length": 5849}], "../Assignment1/files/835.txt": [{"name": "../Assignment1/files/835.txt", "length": 8903}], "../Assignment1/files/836.txt": [{"name": "../Assignment1/files/836.txt", "length": 8908}], "../Assignment1/files/837.txt": [{"name": "../Assignment1/files/837.txt", "length": 1348}], "../Assignment1/files/838.txt": [{"name": "../Assignment1/files/838.txt", "length": 644}], "../Assignment1/files/839.txt": [{"name": "../Assignment1/files/839.txt", "length": 2296}], "../Assignment1/files/84.txt": [{"name": "../Assignment1/files/84.txt", "length": 26013}], "../Assignment1/files/840.txt": [{"name": "../Assignment1/files/840.txt", "length": 1558}], "../Assignment1/files/841.txt": [{"name": "../Assignment1/files/841.txt", "length": 7472}], "../Assignment1/files/842.txt": [{"name": "../Assignment1/files/842.txt", "length": 9643}], "../Assignment1/files/843.txt": [{"name": "../Assignment1/files/843.txt", "length": 5496}], "../Assignment1/files/844.txt": [{"name": "../Assignment1/files/844.txt", "length": 2250}], "../Assignment1/files/845.txt": [{"name": "../Assignment1/files/845.txt", "length": 3695}], "../Assignment1/files/846.txt": [{"name": "../Assignment1/files/846.txt", "length": 10484}], "../Assignment1/files/847.txt": [{"name": "../Assignment1/files/847.txt", "length": 1987}], "../Assignment1/files/848.txt": [{"name": "../Assignment1/files/848.txt", "length": 1253}], "../Assignment1/files/849.txt": [{"name": "../Assignment1/files/849.txt", "length": 10742}], "../Assignment1/files/85.txt": [{"name": "../Assignment1/files/85.txt", "length": 5411}], "../Assignment1/files/850.txt": [{"name": "../Assignment1/files/850.txt", "length": 1182}], "../Assignment1/files/851.txt": [{"name": "../Assignment1/files/851.txt", "length": 2722}], "../Assignment1/files/852.txt": [{"name": "../Assignment1/files/852.txt", "length": 1334}], "../Assignment1/files/853.txt": [{"name": "../Assignment1/files/853.txt", "length": 2625}], "../Assignment1/files/854.txt": [{"name": "../Assignment1/files/854.txt", "length": 2967}], "../Assignment1/files/855.txt": [{"name": "../Assignment1/files/855.txt", "length": 697}], "../Assignment1/files/856.txt": [{"name": "../Assignment1/files/856.txt", "length": 2101}], "../Assignment1/files/857.txt": [{"name": "../Assignment1/files/857.txt", "length": 2672}], "../Assignment1/files/858.txt": [{"name": "../Assignment1/files/858.txt", "length": 2344}], "../Assignment1/files/859.txt": [{"name": "../Assignment1/files/859.txt", "length": 6124}], "../Assignment1/files/86.txt": [{"name": "../Assignment1/files/86.txt", "length": 8945}], "../Assignment1/files/860.txt": [{"name": "../Assignment1/files/860.txt", "length": 10286}], "../Assignment1/files/861.txt": [{"name": "../Assignment1/files/861.txt", "length": 6862}], "../Assignment1/files/862.txt": [{"name": "../Assignment1/files/862.txt", "length": 4231}], "../Assignment1/files/863.txt": [{"name": "../Assignment1/files/863.txt", "length": 2096}], "../Assignment1/files/864.txt": [{"name": "../Assignment1/files/864.txt", "length": 3361}], "../Assignment1/files/865.txt": [{"name": "../Assignment1/files/865.txt", "length": 5349}], "../Assignment1/files/866.txt": [{"name": "../Assignment1/files/866.txt", "length": 9446}], "../Assignment1/files/867.txt": [{"name": "../Assignment1/files/867.txt", "length": 38005}], "../Assignment1/files/868.txt": [{"name": "../Assignment1/files/868.txt", "length": 610}], "../Assignment1/files/869.txt": [{"name": "../Assignment1/files/869.txt", "length": 18978}], "../Assignment1/files/87.txt": [{"name": "../Assignment1/files/87.txt", "length": 708}], "../Assignment1/files/870.txt": [{"name": "../Assignment1/files/870.txt", "length": 5071}], "../Assignment1/files/871.txt": [{"name": "../Assignment1/files/871.txt", "length": 14310}], "../Assignment1/files/872.txt": [{"name": "../Assignment1/files/872.txt", "length": 18570}], "../Assignment1/files/873.txt": [{"name": "../Assignment1/files/873.txt", "length": 6288}], "../Assignment1/files/874.txt": [{"name": "../Assignment1/files/874.txt", "length": 3552}], "../Assignment1/files/875.txt": [{"name": "../Assignment1/files/875.txt", "length": 5184}], "../Assignment1/files/876.txt": [{"name": "../Assignment1/files/876.txt", "length": 1102}], "../Assignment1/files/877.txt": [{"name": "../Assignment1/files/877.txt", "length": 728}], "../Assignment1/files/878.txt": [{"name": "../Assignment1/files/878.txt", "length": 26539}], "../Assignment1/files/879.txt": [{"name": "../Assignment1/files/879.txt", "length": 34932}], "../Assignment1/files/88.txt": [{"name": "../Assignment1/files/88.txt", "length": 17896}], "../Assignment1/files/880.txt": [{"name": "../Assignment1/files/880.txt", "length": 13266}], "../Assignment1/files/881.txt": [{"name": "../Assignment1/files/881.txt", "length": 24111}], "../Assignment1/files/882.txt": [{"name": "../Assignment1/files/882.txt", "length": 17917}], "../Assignment1/files/883.txt": [{"name": "../Assignment1/files/883.txt", "length": 1979}], "../Assignment1/files/884.txt": [{"name": "../Assignment1/files/884.txt", "length": 13831}], "../Assignment1/files/885.txt": [{"name": "../Assignment1/files/885.txt", "length": 19198}], "../Assignment1/files/886.txt": [{"name": "../Assignment1/files/886.txt", "length": 25227}], "../Assignment1/files/887.txt": [{"name": "../Assignment1/files/887.txt", "length": 24883}], "../Assignment1/files/888.txt": [{"name": "../Assignment1/files/888.txt", "length": 1861}], "../Assignment1/files/889.txt": [{"name": "../Assignment1/files/889.txt", "length": 5135}], "../Assignment1/files/89.txt": [{"name": "../Assignment1/files/89.txt", "length": 5808}], "../Assignment1/files/890.txt": [{"name": "../Assignment1/files/890.txt", "length": 28097}], "../Assignment1/files/891.txt": [{"name": "../Assignment1/files/891.txt", "length": 3086}], "../Assignment1/files/892.txt": [{"name": "../Assignment1/files/892.txt", "length": 5473}], "../Assignment1/files/893.txt": [{"name": "../Assignment1/files/893.txt", "length": 1238}], "../Assignment1/files/894.txt": [{"name": "../Assignment1/files/894.txt", "length": 890}], "../Assignment1/files/895.txt": [{"name": "../Assignment1/files/895.txt", "length": 895}], "../Assignment1/files/896.txt": [{"name": "../Assignment1/files/896.txt", "length": 15741}], "../Assignment1/files/897.txt": [{"name": "../Assignment1/files/897.txt", "length": 975}], "../Assignment1/files/898.txt": [{"name": "../Assignment1/files/898.txt", "length": 4780}], "../Assignment1/files/899.txt": [{"name": "../Assignment1/files/899.txt", "length": 2081}], "../Assignment1/files/9.txt": [{"name": "../Assignment1/files/9.txt", "length": 4264}], "../Assignment1/files/90.txt": [{"name": "../Assignment1/files/90.txt", "length": 1112}], "../Assignment1/files/900.txt": [{"name": "../Assignment1/files/900.txt", "length": 1241}], "../Assignment1/files/901.txt": [{"name": "../Assignment1/files/901.txt", "length": 2757}], "../Assignment1/files/902.txt": [{"name": "../Assignment1/files/902.txt", "length": 3256}], "../Assignment1/files/903.txt": [{"name": "../Assignment1/files/903.txt", "length": 1210}], "../Assignment1/files/904.txt": [{"name": "../Assignment1/files/904.txt", "length": 17516}], "../Assignment1/files/905.txt": [{"name": "../Assignment1/files/905.txt", "length": 6549}], "../Assignment1/files/906.txt": [{"name": "../Assignment1/files/906.txt", "length": 451}], "../Assignment1/files/907.txt": [{"name": "../Assignment1/files/907.txt", "length": 4401}], "../Assignment1/files/908.txt": [{"name": "../Assignment1/files/908.txt", "length": 12850}], "../Assignment1/files/909.txt": [{"name": "../Assignment1/files/909.txt", "length": 3569}], "../Assignment1/files/91.txt": [{"name": "../Assignment1/files/91.txt", "length": 3993}], "../Assignment1/files/910.txt": [{"name": "../Assignment1/files/910.txt", "length": 4629}], "../Assignment1/files/911.txt": [{"name": "../Assignment1/files/911.txt", "length": 3322}], "../Assignment1/files/912.txt": [{"name": "../Assignment1/files/912.txt", "length": 4731}], "../Assignment1/files/913.txt": [{"name": "../Assignment1/files/913.txt", "length": 410}], "../Assignment1/files/914.txt": [{"name": "../Assignment1/files/914.txt", "length": 479}], "../Assignment1/files/915.txt": [{"name": "../Assignment1/files/915.txt", "length": 535}], "../Assignment1/files/916.txt": [{"name": "../Assignment1/files/916.txt", "length": 632}], "../Assignment1/files/917.txt": [{"name": "../Assignment1/files/917.txt", "length": 816}], "../Assignment1/files/918.txt": [{"name": "../Assignment1/files/918.txt", "length": 7989}], "../Assignment1/files/919.txt": [{"name": "../Assignment1/files/919.txt", "length": 2123}], "../Assignment1/files/92.txt": [{"name": "../Assignment1/files/92.txt", "length": 18732}], "../Assignment1/files/920.txt": [{"name": "../Assignment1/files/920.txt", "length": 3904}], "../Assignment1/files/921.txt": [{"name": "../Assignment1/files/921.txt", "length": 4259}], "../Assignment1/files/922.txt": [{"name": "../Assignment1/files/922.txt", "length": 421}], "../Assignment1/files/923.txt": [{"name": "../Assignment1/files/923.txt", "length": 372}], "../Assignment1/files/924.txt": [{"name": "../Assignment1/files/924.txt", "length": 2219}], "../Assignment1/files/925.txt": [{"name": "../Assignment1/files/925.txt", "length": 4633}], "../Assignment1/files/926.txt": [{"name": "../Assignment1/files/926.txt", "length": 992}], "../Assignment1/files/927.txt": [{"name": "../Assignment1/files/927.txt", "length": 3258}], "../Assignment1/files/928.txt": [{"name": "../Assignment1/files/928.txt", "length": 2148}], "../Assignment1/files/929.txt": [{"name": "../Assignment1/files/929.txt", "length": 2741}], "../Assignment1/files/93.txt": [{"name": "../Assignment1/files/93.txt", "length": 4483}], "../Assignment1/files/930.txt": [{"name": "../Assignment1/files/930.txt", "length": 1017}], "../Assignment1/files/931.txt": [{"name": "../Assignment1/files/931.txt", "length": 497}], "../Assignment1/files/932.txt": [{"name": "../Assignment1/files/932.txt", "length": 3263}], "../Assignment1/files/933.txt": [{"name": "../Assignment1/files/933.txt", "length": 670}], "../Assignment1/files/934.txt": [{"name": "../Assignment1/files/934.txt", "length": 3581}], "../Assignment1/files/935.txt": [{"name": "../Assignment1/files/935.txt", "length": 18567}], "../Assignment1/files/936.txt": [{"name": "../Assignment1/files/936.txt", "length": 1397}], "../Assignment1/files/937.txt": [{"name": "../Assignment1/files/937.txt", "length": 7312}], "../Assignment1/files/938.txt": [{"name": "../Assignment1/files/938.txt", "length": 10050}], "../Assignment1/files/939.txt": [{"name": "../Assignment1/files/939.txt", "length": 14132}], "../Assignment1/files/94.txt": [{"name": "../Assignment1/files/94.txt", "length": 21889}], "../Assignment1/files/940.txt": [{"name": "../Assignment1/files/940.txt", "length": 4665}], "../Assignment1/files/941.txt": [{"name": "../Assignment1/files/941.txt", "length": 4745}], "../Assignment1/files/942.txt": [{"name": "../Assignment1/files/942.txt", "length": 382}], "../Assignment1/files/943.txt": [{"name": "../Assignment1/files/943.txt", "length": 13115}], "../Assignment1/files/944.txt": [{"name": "../Assignment1/files/944.txt", "length": 16829}], "../Assignment1/files/945.txt": [{"name": "../Assignment1/files/945.txt", "length": 6419}], "../Assignment1/files/946.txt": [{"name": "../Assignment1/files/946.txt", "length": 1803}], "../Assignment1/files/947.txt": [{"name": "../Assignment1/files/947.txt", "length": 6472}], "../Assignment1/files/948.txt": [{"name": "../Assignment1/files/948.txt", "length": 5061}], "../Assignment1/files/949.txt": [{"name": "../Assignment1/files/949.txt", "length": 1361}], "../Assignment1/files/95.txt": [{"name": "../Assignment1/files/95.txt", "length": 8312}], "../Assignment1/files/950.txt": [{"name": "../Assignment1/files/950.txt", "length": 18197}], "../Assignment1/files/951.txt": [{"name": "../Assignment1/files/951.txt", "length": 16090}], "../Assignment1/files/952.txt": [{"name": "../Assignment1/files/952.txt", "length": 10915}], "../Assignment1/files/953.txt": [{"name": "../Assignment1/files/953.txt", "length": 9500}], "../Assignment1/files/954.txt": [{"name": "../Assignment1/files/954.txt", "length": 8149}], "../Assignment1/files/955.txt": [{"name": "../Assignment1/files/955.txt", "length": 549}], "../Assignment1/files/956.txt": [{"name": "../Assignment1/files/956.txt", "length": 626}], "../Assignment1/files/957.txt": [{"name": "../Assignment1/files/957.txt", "length": 607}], "../Assignment1/files/958.txt": [{"name": "../Assignment1/files/958.txt", "length": 33497}], "../Assignment1/files/959.txt": [{"name": "../Assignment1/files/959.txt", "length": 6974}], "../Assignment1/files/96.txt": [{"name": "../Assignment1/files/96.txt", "length": 2500}], "../Assignment1/files/960.txt": [{"name": "../Assignment1/files/960.txt", "length": 1506}], "../Assignment1/files/961.txt": [{"name": "../Assignment1/files/961.txt", "length": 1506}], "../Assignment1/files/962.txt": [{"name": "../Assignment1/files/962.txt", "length": 24513}], "../Assignment1/files/963.txt": [{"name": "../Assignment1/files/963.txt", "length": 15504}], "../Assignment1/files/964.txt": [{"name": "../Assignment1/files/964.txt", "length": 6534}], "../Assignment1/files/965.txt": [{"name": "../Assignment1/files/965.txt", "length": 32410}], "../Assignment1/files/966.txt": [{"name": "../Assignment1/files/966.txt", "length": 11693}], "../Assignment1/files/967.txt": [{"name": "../Assignment1/files/967.txt", "length": 5294}], "../Assignment1/files/968.txt": [{"name": "../Assignment1/files/968.txt", "length": 1908}], "../Assignment1/files/969.txt": [{"name": "../Assignment1/files/969.txt", "length": 2252}], "../Assignment1/files/97.txt": [{"name": "../Assignment1/files/97.txt", "length": 3605}], "../Assignment1/files/970.txt": [{"name": "../Assignment1/files/970.txt", "length": 29405}], "../Assignment1/files/971.txt": [{"name": "../Assignment1/files/971.txt", "length": 1131}], "../Assignment1/files/972.txt": [{"name": "../Assignment1/files/972.txt", "length": 510}], "../Assignment1/files/973.txt": [{"name": "../Assignment1/files/973.txt", "length": 6126}], "../Assignment1/files/974.txt": [{"name": "../Assignment1/files/974.txt", "length": 3511}], "../Assignment1/files/975.txt": [{"name": "../Assignment1/files/975.txt", "length": 4113}], "../Assignment1/files/976.txt": [{"name": "../Assignment1/files/976.txt", "length": 5615}], "../Assignment1/files/977.txt": [{"name": "../Assignment1/files/977.txt", "length": 1511}], "../Assignment1/files/978.txt": [{"name": "../Assignment1/files/978.txt", "length": 3388}], "../Assignment1/files/979.txt": [{"name": "../Assignment1/files/979.txt", "length": 27026}], "../Assignment1/files/98.txt": [{"name": "../Assignment1/files/98.txt", "length": 7827}], "../Assignment1/files/980.txt": [{"name": "../Assignment1/files/980.txt", "length": 3530}], "../Assignment1/files/981.txt": [{"name": "../Assignment1/files/981.txt", "length": 3390}], "../Assignment1/files/982.txt": [{"name": "../Assignment1/files/982.txt", "length": 8172}], "../Assignment1/files/983.txt": [{"name": "../Assignment1/files/983.txt", "length": 12567}], "../Assignment1/files/984.txt": [{"name": "../Assignment1/files/984.txt", "length": 813}], "../Assignment1/files/985.txt": [{"name": "../Assignment1/files/985.txt", "length": 690}], "../Assignment1/files/986.txt": [{"name": "../Assignment1/files/986.txt", "length": 695}], "../Assignment1/files/987.txt": [{"name": "../Assignment1/files/987.txt", "length": 596}], "../Assignment1/files/988.txt": [{"name": "../Assignment1/files/988.txt", "length": 502}], "../Assignment1/files/989.txt": [{"name": "../Assignment1/files/989.txt", "length": 507}], "../Assignment1/files/99.txt": [{"name": "../Assignment1/files/99.txt", "length": 18851}], "../Assignment1/files/990.txt": [{"name": "../Assignment1/files/990.txt", "length": 606}], "../Assignment1/files/991.txt": [{"name": "../Assignment1/files/991.txt", "length": 854}], "../Assignment1/files/992.txt": [{"name": "../Assignment1/files/992.txt", "length": 555}], "../Assignment1/files/993.txt": [{"name": "../Assignment1/files/993.txt", "length": 811}], "../Assignment1/files/994.txt": [{"name": "../Assignment1/files/994.txt", "length": 2774}], "../Assignment1/files/995.txt": [{"name": "../Assignment1/files/995.txt", "length": 16348}], "../Assignment1/files/996.txt": [{"name": "../Assignment1/files/996.txt", "length": 15715}], "../Assignment1/files/997.txt": [{"name": "../Assignment1/files/997.txt", "length": 11933}], "../Assignment1/files/998.txt": [{"name": "../Assignment1/files/998.txt", "length": 12337}], "../Assignment1/files/999.txt": [{"name": "../Assignment1/files/999.txt", "length": 2289}], "../Assignment1/files/URLsCrawled.txt": [{"name": "../Assignment1/files/URLsCrawled.txt", "length": 1}], "../Assignment1/files/stats.txt": [{"name": "../Assignment1/files/stats.txt", "length": 13}]}